Workbook

Sheet Lev.Quadros
A2: Concat. | B2: DESCRIÇÃO | C2: Nova TAG | D2: PAI | E2: PAVIMENTO | F2: SISTEMA | G2: SITUAÇÃO | H2: LOCAL | I2: <=Link | J2: Foto360 | K2: Proj. Quadros | L2: Projetos Quadros Executivos | M2: Pin. | N2: Foto.Quadro | O2: TIPO | P2: OBS: | Q2: id | R2: x_planta | S2: y_planta | T2: x_3d | U2: y_3d | V2: z_3d
A3: =CONCATENATE(H3,"-",B3) -> TJ-04º Pav.-Sala Elétrica E2-3QD-E3 | B3: 3QD-E3 | C3: QDEC-12E3 | E3: 4º Pav. | F3: Elétrica | G3: Existente | H3: TJ-04º Pav.-Sala Elétrica E2 | J3: =HYPERLINK( VLOOKUP(H3,'Localização'!A3:K39,9),"<=Link") -> <=Link
A4: =CONCATENATE(H4,"-",B4) -> TJ-04º Pav.-Sala Elétrica E3- | C4: QDEC-13E3 | E4: 4º Pav. | F4: Elétrica | G4: Existente | H4: TJ-04º Pav.-Sala Elétrica E3 | J4: =HYPERLINK( VLOOKUP(H4,'Localização'!A4:K39,9),"<=Link") -> <=Link
A5: =CONCATENATE(H5,"-",B5) -> TJ-04º Pav.-Sala Elétrica W2- | C5: QDEE-12E3 | E5: 4º Pav. | F5: Elétrica | G5: Existente | H5: TJ-04º Pav.-Sala Elétrica W2 | J5: =HYPERLINK( VLOOKUP(H5,'Localização'!A5:K39,9),"<=Link") -> <=Link
A6: =CONCATENATE(H6,"-",B6) -> TJ-04º Pav.-Sala Elétrica W3- | C6: QDI-12E3 | E6: 4º Pav. | F6: Elétrica | G6: Existente | H6: TJ-04º Pav.-Sala Elétrica W3 | J6: =HYPERLINK( VLOOKUP(H6,'Localização'!A6:K39,9),"<=Link") -> <=Link
A7: =CONCATENATE(H7,"-",B7) -> TJ-12º Pav.-Sala Elétrica E2-QDEC-12E2 | B7: QDEC-12E2 | E7: 12º Pav. | F7: Elétrica | G7: Novo | H7: TJ-12º Pav.-Sala Elétrica E2 | J7: =HYPERLINK( VLOOKUP(H7,'Localização'!A7:K39,9),"<=Link") -> <=Link | L7: 08421 - QDEC-12E2.pdf
A8: =CONCATENATE(H8,"-",B8) -> TJ-12º Pav.-Sala Elétrica E2-QDEE-12E2 | B8: QDEE-12E2 | E8: 12º Pav. | F8: Elétrica | G8: Novo | H8: TJ-12º Pav.-Sala Elétrica E2 | J8: =HYPERLINK( VLOOKUP(H8,'Localização'!A8:K39,9),"<=Link") -> <=Link | L8: 09021 - QDEE-12E2.pdf
A9: =CONCATENATE(H9,"-",B9) -> TJ-12º Pav.-Sala Elétrica E2-QDI-12E2 | B9: QDI-12E2 | E9: 12º Pav. | F9: Elétrica | G9: Novo | H9: TJ-12º Pav.-Sala Elétrica E2 | J9: =HYPERLINK( VLOOKUP(H9,'Localização'!A9:K39,9),"<=Link") -> <=Link | L9: 07821 - QDI-12E2.pdf
A10: =CONCATENATE(H10,"-",B10) -> TJ-12º Pav.-Sala Elétrica E3-QDEC-12E3 | B10: QDEC-12E3 | E10: 12º Pav. | F10: Elétrica | G10: Novo | H10: TJ-12º Pav.-Sala Elétrica E3 | J10: =HYPERLINK( VLOOKUP(H10,'Localização'!A10:K39,9),"<=Link") -> <=Link | L10: 08521 - QDEC-12E3.pdf
A11: =CONCATENATE(H11,"-",B11) -> TJ-12º Pav.-Sala Elétrica E3-QDEC-13E3 | B11: QDEC-13E3 | E11: 13º Pav. | F11: Elétrica | G11: Novo | H11: TJ-12º Pav.-Sala Elétrica E3 | J11: =HYPERLINK( VLOOKUP(H11,'Localização'!A11:K39,9),"<=Link") -> <=Link | L11: 08921 - QDEC-13E3.pdf
A12: =CONCATENATE(H12,"-",B12) -> TJ-12º Pav.-Sala Elétrica E3-QDEE-12E3 | B12: QDEE-12E3 | E12: 12º Pav. | F12: Elétrica | G12: Novo | H12: TJ-12º Pav.-Sala Elétrica E3 | J12: =HYPERLINK( VLOOKUP(H12,'Localização'!A12:K39,9),"<=Link") -> <=Link | L12: 09521 - QDEE-12E3.pdf
A13: =CONCATENATE(H13,"-",B13) -> TJ-12º Pav.-Sala Elétrica E3-QDI-12E3 | B13: QDI-12E3 | E13: 12º Pav. | F13: Elétrica | G13: Novo | H13: TJ-12º Pav.-Sala Elétrica E3 | J13: =HYPERLINK( VLOOKUP(H13,'Localização'!A13:K39,9),"<=Link") -> <=Link | L13: 08021 - QDI-12E3.pdf
A14: =CONCATENATE(H14,"-",B14) -> TJ-12º Pav.-Sala Elétrica W2-QDEC-12W2 | B14: QDEC-12W2 | E14: 12º Pav. | F14: Elétrica | G14: Novo | H14: TJ-12º Pav.-Sala Elétrica W2 | J14: =HYPERLINK( VLOOKUP(H14,'Localização'!A14:K39,9),"<=Link") -> <=Link | L14: 08621 - QDEC-12W2.pdf | R14: 120 | S14: 120 | T14: -4 | U14: 3 | V14: 2
A15: =CONCATENATE(H15,"-",B15) -> TJ-12º Pav.-Sala Elétrica W2-QDEE-12W2 | B15: QDEE-12W2 | E15: 12º Pav. | F15: Elétrica | G15: Novo | H15: TJ-12º Pav.-Sala Elétrica W2 | J15: =HYPERLINK( VLOOKUP(H15,'Localização'!A15:K39,9),"<=Link") -> <=Link | L15: 09121 - QDEE-12W2.pdf | R15: 120 | S15: 120 | T15: -2 | U15: 3 | V15: 2
A16: =CONCATENATE(H16,"-",B16) -> TJ-12º Pav.-Sala Elétrica W2-QDI-12W2 | B16: QDI-12W2 | E16: 12º Pav. | F16: Elétrica | G16: Novo | H16: TJ-12º Pav.-Sala Elétrica W2 | J16: =HYPERLINK( VLOOKUP(H16,'Localização'!A16:K39,9),"<=Link") -> <=Link | L16: 08121 - QDI-12W2.pdf | R16: 120 | S16: 120 | T16: -1 | U16: 5 | V16: 2
A17: =CONCATENATE(H17,"-",B17) -> TJ-12º Pav.-Sala Elétrica W2-QDEC-12W2 | B17: QDEC-12W2 | E17: 12º Pav. | F17: Elétrica | G17: Novo | H17: TJ-12º Pav.-Sala Elétrica W2 | J17: =HYPERLINK( VLOOKUP(H17,'Localização'!A17:K39,9),"<=Link") -> <=Link | R17: 120 | S17: 120 | T17: -8 | U17: 3 | V17: 2
A18: =CONCATENATE(H18,"-",B18) -> TJ-12º Pav.-Sala Elétrica W3-QDEC-12W3 | B18: QDEC-12W3 | E18: 12º Pav. | F18: Elétrica | G18: Novo | H18: TJ-12º Pav.-Sala Elétrica W3 | J18: =HYPERLINK( VLOOKUP(H18,'Localização'!A17:K39,9),"<=Link") -> <=Link | L18: 08721 - QDEC-12W3.pdf | R18: 120 | S18: 120 | T18: -8 | U18: 3 | V18: 2
A19: =CONCATENATE(H19,"-",B19) -> TJ-12º Pav.-Sala Elétrica W3-QDEE-12W3 | B19: QDEE-12W3 | E19: 12º Pav. | F19: Elétrica | G19: Novo | H19: TJ-12º Pav.-Sala Elétrica W3 | J19: =HYPERLINK( VLOOKUP(H19,'Localização'!A18:K39,9),"<=Link") -> <=Link | L19: 09321 - QDEE-12W3.pdf | R19: 120 | S19: 120 | T19: -8 | U19: 3 | V19: 2
A20: =CONCATENATE(H20,"-",B20) -> TJ-12º Pav.-Sala Elétrica W3-QDI-12W3 | B20: QDI-12W3 | E20: 12º Pav. | F20: Elétrica | G20: Novo | H20: TJ-12º Pav.-Sala Elétrica W3 | J20: =HYPERLINK( VLOOKUP(H20,'Localização'!A19:K39,9),"<=Link") -> <=Link | L20: 07921 - QDI-12W3.pdf | R20: 120 | S20: 120 | T20: -8 | U20: 3 | V20: 2
A21: =CONCATENATE(H21,"-",B21) -> TJ-13º Pav.-Sala Elétrica E3-QDEE-13E3 | B21: QDEE-13E3 | E21: 13º Pav. | F21: Elétrica | G21: Novo | H21: TJ-13º Pav.-Sala Elétrica E3 | J21: =HYPERLINK( VLOOKUP(H21,'Localização'!A20:K39,9),"<=Link") -> <=Link | L21: 09421 - QDEE-13E3.pdf | R21: 120 | S21: 120 | T21: -8 | U21: 3 | V21: 2
A22: =CONCATENATE(H22,"-",B22) -> TJ-13º Pav.-Sala Elétrica E3-QDI-13E3 | B22: QDI-13E3 | E22: 13º Pav. | F22: Elétrica | G22: Novo | H22: TJ-13º Pav.-Sala Elétrica E3 | J22: =HYPERLINK( VLOOKUP(H22,'Localização'!A21:K39,9),"<=Link") -> <=Link | L22: 08221 - QDI-13E3.pdf | R22: 120 | S22: 120 | T22: -8 | U22: 5 | V22: 2
A23: =CONCATENATE(H23,"-",B23) -> TJ-13º Pav.-Sala Elétrica W3-QDEC-13W3 | B23: QDEC-13W3 | E23: 13º Pav. | F23: Elétrica | G23: Novo | H23: TJ-13º Pav.-Sala Elétrica W3 | J23: =HYPERLINK( VLOOKUP(H23,'Localização'!A22:K39,9),"<=Link") -> <=Link | L23: 08821 - QDEC-13W3.pdf | R23: 120 | S23: 120 | T23: -8 | U23: 3 | V23: 2
A24: =CONCATENATE(H24,"-",B24) -> TJ-13º Pav.-Sala Elétrica W3-QDEE-13W3 | B24: QDEE-13W3 | E24: 13º Pav. | F24: Elétrica | G24: Novo | H24: TJ-13º Pav.-Sala Elétrica W3 | J24: =HYPERLINK( VLOOKUP(H24,'Localização'!A23:K39,9),"<=Link") -> <=Link | L24: 09221 - QDEE-13W3.pdf | R24: 120 | S24: 120 | T24: -8 | U24: 3 | V24: 2
A25: =CONCATENATE(H25,"-",B25) -> TJ-13º Pav.-Sala Elétrica W3-QDI-13W3 | B25: QDI-13W3 | E25: 13º Pav. | F25: Elétrica | G25: Novo | H25: TJ-13º Pav.-Sala Elétrica W3 | J25: =HYPERLINK( VLOOKUP(H25,'Localização'!A24:K39,9),"<=Link") -> <=Link | L25: 08321 - QDI-13W3.pdf | R25: 120 | S25: 120 | T25: -8 | U25: 3 | V25: 2
A26: =CONCATENATE(H26,"-",B26) -> TJ.ANX-Térreo--Quadro CD-C1SS1.pdf | B26: Quadro CD-C1SS1.pdf | E26: Térro | F26: Elétrica | G26: Novo | H26: TJ.ANX-Térreo- | J26: =HYPERLINK( VLOOKUP(H26,'Localização'!A25:K39,9),"<=Link") -> <=Link | R26: 120 | S26: 120 | T26: -8 | U26: 3 | V26: 2
A27: =CONCATENATE(H27,"-",B27) -> TJ.ANX-Térreo--Quadro CD-C1SS2.pdf | B27: Quadro CD-C1SS2.pdf | E27: Térro | F27: Elétrica | G27: Novo | H27: TJ.ANX-Térreo- | J27: =HYPERLINK( VLOOKUP(H27,'Localização'!A26:K39,9),"<=Link") -> <=Link | R27: 120 | S27: 120 | T27: -8 | U27: 3 | V27: 2
A28: =CONCATENATE(H28,"-",B28) -> TJ.ANX-Térreo--Quadro CD-C2P1.pdf | B28: Quadro CD-C2P1.pdf | E28: Térro | F28: Elétrica | G28: Novo | H28: TJ.ANX-Térreo- | J28: =HYPERLINK( VLOOKUP(H28,'Localização'!A27:K39,9),"<=Link") -> <=Link | R28: 120 | S28: 120 | T28: -8 | U28: 5 | V28: 2
A29: =CONCATENATE(H29,"-",B29) -> TJ.ANX-Térreo--Quadro CD-C2P2.pdf | B29: Quadro CD-C2P2.pdf | E29: Térro | F29: Elétrica | G29: Novo | H29: TJ.ANX-Térreo- | J29: =HYPERLINK( VLOOKUP(H29,'Localização'!A28:K39,9),"<=Link") -> <=Link | R29: 120 | S29: 120 | T29: -8 | U29: 3 | V29: 2
A30: =CONCATENATE(H30,"-",B30) -> TJ.ANX-Térreo--Quadro CD-C2SS1.pdf | B30: Quadro CD-C2SS1.pdf | E30: Térro | F30: Elétrica | G30: Novo | H30: TJ.ANX-Térreo- | J30: =HYPERLINK( VLOOKUP(H30,'Localização'!A29:K39,9),"<=Link") -> <=Link | R30: 120 | S30: 120 | T30: -8 | U30: 3 | V30: 2
A31: =CONCATENATE(H31,"-",B31) -> TJ.ANX-Térreo--Quadro CD-C2SS2.pdf | B31: Quadro CD-C2SS2.pdf | E31: Térro | F31: Elétrica | G31: Novo | H31: TJ.ANX-Térreo- | J31: =HYPERLINK( VLOOKUP(H31,'Localização'!A30:K39,9),"<=Link") -> <=Link | R31: 120 | S31: 120 | T31: -8 | U31: 5 | V31: 2
A32: =CONCATENATE(H32,"-",B32) -> TJ.ANX-Térreo--Quadro CD-C3SS1.pdf | B32: Quadro CD-C3SS1.pdf | E32: Térro | F32: Elétrica | G32: Novo | H32: TJ.ANX-Térreo- | J32: =HYPERLINK( VLOOKUP(H32,'Localização'!A31:K39,9),"<=Link") -> <=Link | R32: 120 | S32: 120 | T32: -8 | U32: 3 | V32: 2
A33: =CONCATENATE(H33,"-",B33) -> TJ.ANX-Térreo--Quadro CD-C3SS2.pdf | B33: Quadro CD-C3SS2.pdf | E33: Térro | F33: Elétrica | G33: Novo | H33: TJ.ANX-Térreo- | J33: =HYPERLINK( VLOOKUP(H33,'Localização'!A32:K39,9),"<=Link") -> <=Link | R33: 120 | S33: 120 | T33: -8 | U33: 3 | V33: 2
A34: =CONCATENATE(H34,"-",B34) -> TJ.ANX-Térreo--Quadro CD-CTE1.pdf | B34: Quadro CD-CTE1.pdf | E34: Térro | F34: Elétrica | G34: Novo | H34: TJ.ANX-Térreo- | J34: =HYPERLINK( VLOOKUP(H34,'Localização'!A33:K39,9),"<=Link") -> <=Link | R34: 120 | S34: 120 | T34: -8 | U34: 5 | V34: 2
A35: =CONCATENATE(H35,"-",B35) -> TJ.ANX-Térreo--Quadro CD-CTE2.pdf | B35: Quadro CD-CTE2.pdf | E35: Térro | F35: Elétrica | G35: Novo | H35: TJ.ANX-Térreo- | J35: =HYPERLINK( VLOOKUP(H35,'Localização'!A34:K39,9),"<=Link") -> <=Link | R35: 120 | S35: 120 | T35: -8 | U35: 3 | V35: 2
A36: =CONCATENATE(H36,"-",B36) -> TJ.ANX-Térreo--Quadro CD-ETE1.pdf | B36: Quadro CD-ETE1.pdf | E36: Térro | F36: Elétrica | G36: Novo | H36: TJ.ANX-Térreo- | J36: =HYPERLINK( VLOOKUP(H36,'Localização'!A35:K39,9),"<=Link") -> <=Link | R36: 120 | S36: 120 | T36: -8 | U36: 2 | V36: 2
A37: =CONCATENATE(H37,"-",B37) -> TJ.ANX-Térreo--Quadro CD-ETE2.pdf | B37: Quadro CD-ETE2.pdf | E37: Térro | F37: Elétrica | G37: Novo | H37: TJ.ANX-Térreo- | J37: =HYPERLINK( VLOOKUP(H37,'Localização'!A36:K39,9),"<=Link") -> <=Link | R37: 120 | S37: 120 | T37: -8 | U37: 2 | V37: 2
A38: =CONCATENATE(H38,"-",B38) -> TJ.ANX-Térreo--Quadro QG-ESTAC-NORTE.pdf | B38: Quadro QG-ESTAC-NORTE.pdf | E38: Térro | F38: Elétrica | G38: Novo | H38: TJ.ANX-Térreo- | J38: =HYPERLINK( VLOOKUP(H38,'Localização'!A37:K39,9),"<=Link") -> <=Link | R38: 120 | S38: 120 | T38: -5 | U38: 2 | V38: 2
A39: =CONCATENATE(H39,"-",B39) -> TJ.ANX-Térreo--Quadro QG-ESTAC-SUL.pdf | B39: Quadro QG-ESTAC-SUL.pdf | E39: Térro | F39: Elétrica | G39: Novo | H39: TJ.ANX-Térreo- | J39: =HYPERLINK( VLOOKUP(H39,'Localização'!A38:K39,9),"<=Link") -> <=Link | R39: 120 | S39: 120 | T39: -8 | U39: 2 | V39: 2

Sheet Plan1
B1: PAVIMENTO | C1: QTDE (uni) | F1: QUADRO FANCOILS | K1: QUADRO EXAUSTORES
B2: Térreo | C2: =COUNTIF(Lev.Quadros!$E$3:$E$23,B2) -> 0 | F2: PAVIMENTO | G2: QTDE (uni) | H2: INSTALADOS | I2: PERCENTUAL | K2: PAVIMENTO | L2: QTDE (uni) | M2: INSTALADOS | N2: PERCENTUAL
B3: Mezanino | C3: =COUNTIF(Lev.Quadros!$E$3:$E$23,B3) -> 0 | F3: Mezanino | G3: =COUNTIFS(Lev.Quadros!$E$3:$E$23,F3,#REF!,"fancoil") -> #VALUE! | I3: =H3/G3 -> #VALUE! | K3: Térreo | L3: =COUNTIFS(Lev.Quadros!$E$3:$E$23,K3,#REF!,"exaustores") -> #VALUE!
B4: 2º Pavimento | C4: =COUNTIF(Lev.Quadros!$E$3:$E$23,B4) -> 0 | F4: 2º Pavimento | G4: =COUNTIFS(Lev.Quadros!$E$3:$E$23,F4,#REF!,"fancoil") -> #VALUE! | I4: =H4/G4 -> #VALUE! | K4: Mezanino | L4: =COUNTIFS(Lev.Quadros!$E$3:$E$23,K4,#REF!,"exaustores") -> #VALUE! | N4: =M4/L4 -> #VALUE!
B5: 3º Pavimento | C5: =COUNTIF(Lev.Quadros!$E$3:$E$23,B5) -> 0 | F5: 3º Pavimento | G5: =COUNTIFS(Lev.Quadros!$E$3:$E$23,F5,#REF!,"fancoil") -> #VALUE! | I5: =H5/G5 -> #VALUE! | K5: 2º Pavimento | L5: =COUNTIFS(Lev.Quadros!$E$3:$E$23,K5,#REF!,"exaustores") -> #VALUE! | N5: =M5/L5 -> #VALUE!
B6: 4º Pavimento | C6: =COUNTIF(Lev.Quadros!$E$3:$E$23,B6) -> 0 | F6: 4º Pavimento | G6: =COUNTIFS(Lev.Quadros!$E$3:$E$23,F6,#REF!,"fancoil") -> #VALUE! | I6: =H6/G6 -> #VALUE! | K6: 3º Pavimento | L6: =COUNTIFS(Lev.Quadros!$E$3:$E$23,K6,#REF!,"exaustores") -> #VALUE! | N6: =M6/L6 -> #VALUE!
B7: 5º Pavimento | C7: =COUNTIF(Lev.Quadros!$E$3:$E$23,B7) -> 0 | F7: 5º Pavimento | G7: =COUNTIFS(Lev.Quadros!$E$3:$E$23,F7,#REF!,"fancoil") -> #VALUE! | I7: =H7/G7 -> #VALUE! | K7: 4º Pavimento | L7: =COUNTIFS(Lev.Quadros!$E$3:$E$23,K7,#REF!,"exaustores") -> #VALUE! | N7: =M7/L7 -> #VALUE!
B8: 6º Pavimento | C8: =COUNTIF(Lev.Quadros!$E$3:$E$23,B8) -> 0 | F8: 6º Pavimento | G8: =COUNTIFS(Lev.Quadros!$E$3:$E$23,F8,#REF!,"fancoil") -> #VALUE! | I8: =H8/G8 -> #VALUE! | K8: 5º Pavimento | L8: =COUNTIFS(Lev.Quadros!$E$3:$E$23,K8,#REF!,"exaustores") -> #VALUE! | N8: =M8/L8 -> #VALUE!
B9: Cobertura | C9: =COUNTIF(Lev.Quadros!$E$3:$E$23,B9) -> 0 | F9: Cobertura | G9: =COUNTIFS(Lev.Quadros!$E$3:$E$23,F9,#REF!,"fancoil") -> #VALUE! | I9: =H9/G9 -> #VALUE! | K9: 6º Pavimento | L9: =COUNTIFS(Lev.Quadros!$E$3:$E$23,K9,#REF!,"exaustores") -> #VALUE! | N9: =M9/L9 -> #VALUE!
B10: TOTAL | C10: =SUM(C2:C9) -> 0 | F10: TOTAL | G10: =SUM(G3:G9) -> #VALUE! | H10: =SUM(H3:H9) -> 0 | I10: =H10/G10 -> #VALUE! | K10: Cobertura | L10: =COUNTIFS(Lev.Quadros!$E$3:$E$23,K10,#REF!,"exaustores") -> #VALUE! | N10: =M10/L10 -> #VALUE!
K11: TOTAL | L11: =SUM(L4:L10) -> #VALUE! | M11: =SUM(M4:M10) -> 0 | N11: =M11/L11 -> #VALUE!

Sheet RELATÓRIO
B2: RELATÓRIO DE QUADROS
B3: DATA | C3: =TODAY() -> 46195
B6: COMANDO | H6: DISTRIBUIÇÃO
B8: APROVAÇÃO | F8: =SUMIFS(#REF!,#REF!,"APROVADO",Lev.Quadros!$O$3:$O$23,"COMANDO") -> #N/A | H8: APROVAÇÃO | L8: =SUMIFS(#REF!,#REF!,"APROVADO",Lev.Quadros!$O$3:$O$23,"DISTRIBUIÇÃO") -> #N/A
B9: NÃO APROVAÇÃO | F9: =SUMIFS(#REF!,#REF!,"NÃO APROVADO",Lev.Quadros!$O$3:$O$23,"COMANDO") -> #N/A | H9: NÃO APROVAÇÃO | L9: =SUMIFS(#REF!,#REF!,"NÃO APROVADO",Lev.Quadros!$O$3:$O$23,"DISTRIBUIÇÃO") -> #N/A
B10: EM ANÁLISE | F10: =SUMIFS(#REF!,#REF!,"EM ANÁLISE",Lev.Quadros!$O$3:$O$23,"COMANDO") -> #N/A | H10: EM ANÁLISE | L10: =SUMIFS(#REF!,#REF!,"EM ANÁLISE",Lev.Quadros!$O$3:$O$23,"DISTRIBUIÇÃO") -> #N/A
F11: =SUM(F8:F10) -> #N/A | L11: =SUM(L8:L10) -> #N/A
B29: NÃO APROVADOS | H29: NÃO APROVADOS
B31: APROVADO PARA FABRICAÇÃO | F31: =SUMIFS(#REF!,Lev.Quadros!$O$3:$O$23,"COMANDO",#REF!,"NÃO APROVADO",#REF!,"APROVADO PARA FABRICAÇÃO") -> #N/A | H31: APROVADO PARA FABRICAÇÃO | L31: =SUMIFS(#REF!,#REF!,"DISTRIBUIÇÃO",#REF!,"NÃO APROVADO",#REF!,"APROVADO PARA FABRICAÇÃO") -> #N/A
B32: CORREÇÃO PROJETO EXECUTIVO | F32: =SUMIFS(#REF!,Lev.Quadros!$O$3:$O$23,"COMANDO",#REF!,"NÃO APROVADO",#REF!,"CORREÇÃO PROJETO EXECUTIVO") -> #N/A | H32: CORREÇÃO PROJETO EXECUTIVO | L32: =SUMIFS(#REF!,#REF!,"DISTRIBUIÇÃO",#REF!,"NÃO APROVADO",#REF!,"CORREÇÃO PROJETO EXECUTIVO") -> #N/A
B33: ENVIADO GHC | F33: =SUMIFS(#REF!,#REF!,"COMANDO",#REF!,"NÃO APROVADO",#REF!,"ENVIADO GHC") -> #N/A | H33: ENVIADO GHC | L33: =SUMIFS(#REF!,#REF!,"DISTRIBUIÇÃO",#REF!,"NÃO APROVADO",#REF!,"ENVIADO GHC") -> #N/A

Sheet Localização
A2: NomeConc. | B2: Pavimento | C2: 2ºPav. | D2: Parent | E2: Setor | F2: Pin | G2: Link | H2: Tipo | I2: Foto360º | J2: Porta | K2: Observações
A3: =CONCATENATE(B3,"-",C3) -> TJ-02º Pav.- | B3: TJ-02º Pav.
A4: =CONCATENATE(B4,"-",C4) -> TJ-02º Pav.-Sala Elétrica E2 | B4: TJ-02º Pav. | C4: Sala Elétrica E2 | E4: E2
A5: =CONCATENATE(B5,"-",C5) -> TJ-02º Pav.-Sala Elétrica E3 | B5: TJ-02º Pav. | C5: Sala Elétrica E3 | E5: E3
A6: =CONCATENATE(B6,"-",C6) -> TJ-02º Pav.-Sala Elétrica W2 | B6: TJ-02º Pav. | C6: Sala Elétrica W2 | E6: W2
A7: =CONCATENATE(B7,"-",C7) -> TJ-02º Pav.-Sala Elétrica W3 | B7: TJ-02º Pav. | C7: Sala Elétrica W3 | E7: W3
A8: =CONCATENATE(B8,"-",C8) -> TJ-03º Pav.- | B8: TJ-03º Pav.
A9: =CONCATENATE(B9,"-",C9) -> TJ-03º Pav.-Sala Elétrica E2 | B9: TJ-03º Pav. | C9: Sala Elétrica E2 | E9: E2
A10: =CONCATENATE(B10,"-",C10) -> TJ-03º Pav.-Sala Elétrica E3 | B10: TJ-03º Pav. | C10: Sala Elétrica E3 | E10: E3
A11: =CONCATENATE(B11,"-",C11) -> TJ-03º Pav.-Sala Elétrica W2 | B11: TJ-03º Pav. | C11: Sala Elétrica W2 | E11: W2
A12: =CONCATENATE(B12,"-",C12) -> TJ-03º Pav.-Sala Elétrica W3 | B12: TJ-03º Pav. | C12: Sala Elétrica W3 | E12: W3
A13: =CONCATENATE(B13,"-",C13) -> TJ-04º Pav.- | B13: TJ-04º Pav.
A14: =CONCATENATE(B14,"-",C14) -> TJ-04º Pav.-Sala Elétrica E2 | B14: TJ-04º Pav. | C14: Sala Elétrica E2 | E14: E2 | I14: https://photos.google.com/album/AF1QipNJAaZMyYxPFzC78T6Y7KRZc2jtSwC35HdfZPQd/photo/AF1QipOAs8tp3if3M89jdYr1XG_Uwgur02SOwXk4o86D
A15: =CONCATENATE(B15,"-",C15) -> TJ-04º Pav.-Sala Elétrica E3 | B15: TJ-04º Pav. | C15: Sala Elétrica E3 | E15: E3 | I15: https://photos.google.com/share/AF1QipPeNmAmLKZb5OwnD_ZCxO-oLVMAaoDVbiZEgKo9SEIldj0JatgswpGx7D4QwNtplg/photo/AF1QipMggUmuaHkE6oLyGCiZ7QFPzYEN7StmiaMinBbh?key=R1RyWjFkWDNIV2VlUXkzb0VuT0FyVHFWRkl1emZR
A16: =CONCATENATE(B16,"-",C16) -> TJ-04º Pav.-Sala Elétrica W2 | B16: TJ-04º Pav. | C16: Sala Elétrica W2 | E16: W2 | I16: https://photos.google.com/share/AF1QipOnxf0N19-SZoS0Yl0rS2KEgiBhevFZsrpr3uxkiLbBc-_-gXbdKKkerkfeefm6Ow/photo/AF1QipMMGGE-7efE0wnGXWwej2s_BXDtjVJhOShdfeKD?key=VmVLUnFTZVZGeV85R0YtUlEyQmNEXzdRamNxZWVB
A17: =CONCATENATE(B17,"-",C17) -> TJ-04º Pav.-Sala Elétrica W3 | B17: TJ-04º Pav. | C17: Sala Elétrica W3 | E17: W3 | I17: https://photos.google.com/share/AF1QipNVRUxhFeIO1SqZdW_7agi2SOUFjHN9ZGkx4_42ebwi1kW0MxB9ri-amVbSVcddRw/photo/AF1QipNRAxQQqxvbqtByq7f3pKTLyTklH9Ez5kXC6WUm?key=ZWFyWE5jREk5RmV5OUdDd2E3VWk5WkUyS1JNckxB
A18: =CONCATENATE(B18,"-",C18) -> TJ-05º Pav.- | B18: TJ-05º Pav.
A19: =CONCATENATE(B19,"-",C19) -> TJ-05º Pav.-Sala Elétrica E2 | B19: TJ-05º Pav. | C19: Sala Elétrica E2 | E19: E2
A20: =CONCATENATE(B20,"-",C20) -> TJ-05º Pav.-Sala Elétrica E3 | B20: TJ-05º Pav. | C20: Sala Elétrica E3 | E20: E3
A21: =CONCATENATE(B21,"-",C21) -> TJ-05º Pav.-Sala Elétrica W2 | B21: TJ-05º Pav. | C21: Sala Elétrica W2 | E21: W2
A22: =CONCATENATE(B22,"-",C22) -> TJ-05º Pav.-Sala Elétrica W3 | B22: TJ-05º Pav. | C22: Sala Elétrica W3 | E22: W3
A23: =CONCATENATE(B23,"-",C23) -> TJ-06º Pav.- | B23: TJ-06º Pav.
A24: =CONCATENATE(B24,"-",C24) -> TJ-06º Pav.-Sala Elétrica E2 | B24: TJ-06º Pav. | C24: Sala Elétrica E2 | E24: E2
A25: =CONCATENATE(B25,"-",C25) -> TJ-06º Pav.-Sala Elétrica E3 | B25: TJ-06º Pav. | C25: Sala Elétrica E3 | E25: E3
A26: =CONCATENATE(B26,"-",C26) -> TJ-06º Pav.-Sala Elétrica W2 | B26: TJ-06º Pav. | C26: Sala Elétrica W2 | E26: W2
A27: =CONCATENATE(B27,"-",C27) -> TJ-06º Pav.-Sala Elétrica W3 | B27: TJ-06º Pav. | C27: Sala Elétrica W3 | E27: W3
A28: =CONCATENATE(B28,"-",C28) -> TJ-07º Pav.- | B28: TJ-07º Pav.
A29: =CONCATENATE(B29,"-",C29) -> TJ-07º Pav.-Sala Elétrica E2 | B29: TJ-07º Pav. | C29: Sala Elétrica E2 | E29: E2
A30: =CONCATENATE(B30,"-",C30) -> TJ-07º Pav.-Sala Elétrica E3 | B30: TJ-07º Pav. | C30: Sala Elétrica E3 | E30: E3
A31: =CONCATENATE(B31,"-",C31) -> TJ-07º Pav.-Sala Elétrica W2 | B31: TJ-07º Pav. | C31: Sala Elétrica W2 | E31: W2
A32: =CONCATENATE(B32,"-",C32) -> TJ-07º Pav.-Sala Elétrica W3 | B32: TJ-07º Pav. | C32: Sala Elétrica W3 | E32: W3
A33: =CONCATENATE(B33,"-",C33) -> TJ-08º Pav.- | B33: TJ-08º Pav.
A34: =CONCATENATE(B34,"-",C34) -> TJ-08º Pav.-Sala Elétrica E2 | B34: TJ-08º Pav. | C34: Sala Elétrica E2 | E34: E2
A35: =CONCATENATE(B35,"-",C35) -> TJ-08º Pav.-Sala Elétrica E3 | B35: TJ-08º Pav. | C35: Sala Elétrica E3 | E35: E3
A36: =CONCATENATE(B36,"-",C36) -> TJ-08º Pav.-Sala Elétrica W2 | B36: TJ-08º Pav. | C36: Sala Elétrica W2 | E36: W2
A37: =CONCATENATE(B37,"-",C37) -> TJ-08º Pav.-Sala Elétrica W3 | B37: TJ-08º Pav. | C37: Sala Elétrica W3 | E37: W3
A38: =CONCATENATE(B38,"-",C38) -> TJ-09º Pav.- | B38: TJ-09º Pav.
A39: =CONCATENATE(B39,"-",C39) -> TJ-09º Pav.-Sala Elétrica E2 | B39: TJ-09º Pav. | C39: Sala Elétrica E2 | E39: E2
A40: =CONCATENATE(B40,"-",C40) -> TJ-09º Pav.-Sala Elétrica E3 | B40: TJ-09º Pav. | C40: Sala Elétrica E3 | E40: E3
A41: =CONCATENATE(B41,"-",C41) -> TJ-09º Pav.-Sala Elétrica W2 | B41: TJ-09º Pav. | C41: Sala Elétrica W2 | E41: W2
A42: =CONCATENATE(B42,"-",C42) -> TJ-09º Pav.-Sala Elétrica W3 | B42: TJ-09º Pav. | C42: Sala Elétrica W3 | E42: W3
A43: =CONCATENATE(B43,"-",C43) -> TJ-10º Pav.- | B43: TJ-10º Pav.
A44: =CONCATENATE(B44,"-",C44) -> TJ-10º Pav.-Sala Elétrica E2 | B44: TJ-10º Pav. | C44: Sala Elétrica E2 | E44: E2
A45: =CONCATENATE(B45,"-",C45) -> TJ-10º Pav.-Sala Elétrica E3 | B45: TJ-10º Pav. | C45: Sala Elétrica E3 | E45: E3
A46: =CONCATENATE(B46,"-",C46) -> TJ-10º Pav.-Sala Elétrica W2 | B46: TJ-10º Pav. | C46: Sala Elétrica W2 | E46: W2
A47: =CONCATENATE(B47,"-",C47) -> TJ-10º Pav.-Sala Elétrica W3 | B47: TJ-10º Pav. | C47: Sala Elétrica W3 | E47: W3
A48: =CONCATENATE(B48,"-",C48) -> TJ-11º Pav.- | B48: TJ-11º Pav.
A49: =CONCATENATE(B49,"-",C49) -> TJ-11º Pav.-Sala Elétrica E2 | B49: TJ-11º Pav. | C49: Sala Elétrica E2 | E49: E2
A50: =CONCATENATE(B50,"-",C50) -> TJ-11º Pav.-Sala Elétrica E3 | B50: TJ-11º Pav. | C50: Sala Elétrica E3 | E50: E3
A51: =CONCATENATE(B51,"-",C51) -> TJ-11º Pav.-Sala Elétrica W2 | B51: TJ-11º Pav. | C51: Sala Elétrica W2 | E51: W2
A52: =CONCATENATE(B52,"-",C52) -> TJ-11º Pav.-Sala Elétrica W3 | B52: TJ-11º Pav. | C52: Sala Elétrica W3 | E52: W3
A53: =CONCATENATE(B53,"-",C53) -> TJ-12º Pav.- | B53: TJ-12º Pav.
A54: =CONCATENATE(B54,"-",C54) -> TJ-12º Pav.-Sala Elétrica E2 | B54: TJ-12º Pav. | C54: Sala Elétrica E2 | E54: E2
A55: =CONCATENATE(B55,"-",C55) -> TJ-12º Pav.-Sala Elétrica E3 | B55: TJ-12º Pav. | C55: Sala Elétrica E3 | E55: E3
A56: =CONCATENATE(B56,"-",C56) -> TJ-12º Pav.-Sala Elétrica W2 | B56: TJ-12º Pav. | C56: Sala Elétrica W2 | E56: W2 | I56: https://photos.google.com/share/AF1QipMkqfy8MyeTZOVnghTrqZt_1U0k0qC53Wkjzj6EfgAOJeOpmBBOnZTZZJ8aVX1kBg/photo/AF1QipN7A2X36fpvDSXUOoSO2y1hj6NR_VxUF2N9SpwK?key=bXMwOGVQT0poMGp2STVSTVNzdW44WVJ0eFZxQ0RB
A57: =CONCATENATE(B57,"-",C57) -> TJ-12º Pav.-Sala Elétrica W3 | B57: TJ-12º Pav. | C57: Sala Elétrica W3 | E57: W3
A58: =CONCATENATE(B58,"-",C58) -> TJ-13º Pav.- | B58: TJ-13º Pav.
A59: =CONCATENATE(B59,"-",C59) -> TJ-13º Pav.-Sala Elétrica E2 | B59: TJ-13º Pav. | C59: Sala Elétrica E2 | E59: E2
A60: =CONCATENATE(B60,"-",C60) -> TJ-13º Pav.-Sala Elétrica E3 | B60: TJ-13º Pav. | C60: Sala Elétrica E3 | E60: E3
A61: =CONCATENATE(B61,"-",C61) -> TJ-13º Pav.-Sala Elétrica W2 | B61: TJ-13º Pav. | C61: Sala Elétrica W2 | E61: W2
A62: =CONCATENATE(B62,"-",C62) -> TJ-13º Pav.-Sala Elétrica W3 | B62: TJ-13º Pav. | C62: Sala Elétrica W3 | E62: W3
A63: =CONCATENATE(B63,"-",C63) -> TJ.ANX-2º Pav.-Sala Elétrica - NORTE | B63: TJ.ANX-2º Pav. | C63: Sala Elétrica - NORTE | E63: NORTE
A64: =CONCATENATE(B64,"-",C64) -> TJ.ANX-2º Pav.-Sala Elétrica - SUL | B64: TJ.ANX-2º Pav. | C64: Sala Elétrica - SUL | E64: SUL
A65: =CONCATENATE(B65,"-",C65) -> TJ.ANX-SS1-Sala Elétrica - NORTE | B65: TJ.ANX-SS1 | C65: Sala Elétrica - NORTE | E65: NORTE
A66: =CONCATENATE(B66,"-",C66) -> TJ.ANX-SS1-Sala Elétrica - SUL | B66: TJ.ANX-SS1 | C66: Sala Elétrica - SUL | E66: SUL
A67: =CONCATENATE(B67,"-",C67) -> TJ.ANX-SS2-Sala Elétrica - NORTE | B67: TJ.ANX-SS2 | C67: Sala Elétrica - NORTE | E67: NORTE
A68: =CONCATENATE(B68,"-",C68) -> TJ.ANX-SS2-Sala Elétrica - SUL | B68: TJ.ANX-SS2 | C68: Sala Elétrica - SUL | E68: SUL
A69: =CONCATENATE(B69,"-",C69) -> TJ.ANX-SS3-Sala Elétrica - NORTE | B69: TJ.ANX-SS3 | C69: Sala Elétrica - NORTE | E69: NORTE
A70: =CONCATENATE(B70,"-",C70) -> TJ.ANX-SS3-Sala Elétrica - SUL | B70: TJ.ANX-SS3 | C70: Sala Elétrica - SUL | E70: SUL
A71: =CONCATENATE(B71,"-",C71) -> TJ.ANX-Térreo-Sala Elétrica - NORTE | B71: TJ.ANX-Térreo | C71: Sala Elétrica - NORTE | E71: NORTE
A72: =CONCATENATE(B72,"-",C72) -> TJ.ANX-Térreo-Sala Elétrica - SUL | B72: TJ.ANX-Térreo | C72: Sala Elétrica - SUL | E72: SUL | F72: 1 | G72: https://myhub.autodesk360.com/ue29d95bb/g/projects/20210514412106331/data/dXJuOmFkc2sud2lwcHJvZDpmcy5mb2xkZXI6Y28ucU04eGNtQzdReXliS0NURmJQYUFTQQ/dXJuOmFkc2sud2lwcHJvZDpkbS5saW5lYWdlOlh4SzhZNFhHVEN5WDNPT29yLUd3WlE/viewer?version=1&commentId=urn:adsk.comments:social.comment:655ec21f86d64b45b2f2d31b25a4e13b&showComments=1&guid=6882be48-6626-5238-d3df-94e9f0a0019d | H72: Geral | I72: https://photos.google.com/share/AF1QipMp8IwP1oaaM3uZxlFtOvkb9lpx3bxXWYKmZy5pRl7ZdMCEu7RH7rnzo4fFMbH0NA?key=a1ZQWFp2S2R2Vkp1cVRuX3dGTVVXRVJRQm9udUFB

Sheet Validação
A1: SISTEMA | B1: Tipos NF | C1: Fornecedor | E1: Situação Quadro | G1: Pavimento
A2: Ar. Cond. | B2: Quadros | C2: Clavel | E2: Existente | G2: TJ-Térreo
A3: Elétrica | B3: Materiais Elétricos | C3: ABT Materiais Elétricos | E3: Novo | G3: TJ-02º Pav.
A4: Comunicação | C4: Viksul Telecom. | E4: Não Instalados | G4: TJ-03º Pav.
A5: Automação | C5: Cigame | G5: TJ-04º Pav.
C6: BM Eletro | G6: TJ-05º Pav.
C7: GMD Comercial Elétrica | G7: TJ-06º Pav.
C8: Comercial MW | G8: TJ-07º Pav.
C9: Eletro Gold | G9: TJ-08º Pav.
G10: TJ-09º Pav.
G11: TJ-10º Pav.
G12: TJ-11º Pav.
G13: TJ-12º Pav.
G14: TJ-13º Pav.
G15: TJ-14º Pav.
G16: TJ-Cobertura
G17: TJ.ANX-2º Pav.
G18: TJ.ANX-Térreo
G19: TJ.ANX-SS1
G20: TJ.ANX-SS2
G21: TJ.ANX-SS3

Sheet Diagrama

Sheet LocalBackup
A1: Localização
A2: =IFERROR(__xludf.DUMMYFUNCTION("IMPORTRANGE(""https://docs.google.com/spreadsheets/d/1PxkT-WtVeT7ZFXR4Z2e0WbSkqxChNhH4aDbJSxmkwOA/edit?usp=sharing"",""Localização!A1:j1004"")"),"NomeConc.") -> NomeConc. | B2: =IFERROR(__xludf.DUMMYFUNCTION("""COMPUTED_VALUE"""),"Pavimento") -> Pavimento | C2: =IFERROR(__xludf.DUMMYFUNCTION("""COMPUTED_VALUE"""),"2ºPav.") -> 2ºPav. | D2: =IFERROR(__xludf.DUMMYFUNCTION("""COMPUTED_VALUE"""),"Parent") -> Parent | E2: =IFERROR(__xludf.DUMMYFUNCTION("""COMPUTED_VALUE"""),"Setor") -> Setor | F2: =IFERROR(__xludf.DUMMYFUNCTION("""COMPUTED_VALUE"""),"Pin") -> Pin | G2: =IFERROR(__xludf.DUMMYFUNCTION("""COMPUTED_VALUE"""),"Link") -> Link | H2: =IFERROR(__xludf.DUMMYFUNCTION("""COMPUTED_VALUE"""),"Tipo") -> Tipo | I2: =IFERROR(__xludf.DUMMYFUNCTION("""COMPUTED_VALUE"""),"Foto360º") -> Foto360º | J2: =IFERROR(__xludf.DUMMYFUNCTION("""COMPUTED_VALUE"""),"Porta") -> Porta
A3: =IFERROR(__xludf.DUMMYFUNCTION("""COMPUTED_VALUE"""),"2ºPav.") -> 2ºPav. | B3: =IFERROR(__xludf.DUMMYFUNCTION("""COMPUTED_VALUE"""),"2ºPav.") -> 2ºPav. | C3: =IFERROR(__xludf.DUMMYFUNCTION("""COMPUTED_VALUE"""),"2ºPav.") -> 2ºPav. | E3: =IFERROR(__xludf.DUMMYFUNCTION("""COMPUTED_VALUE"""),"A") -> A | F3: =IFERROR(__xludf.DUMMYFUNCTION("""COMPUTED_VALUE"""),1.0) -> 1 | G3: =IFERROR(__xludf.DUMMYFUNCTION("""COMPUTED_VALUE"""),"https://myhub.autodesk360.com/ue29d95bb/g/projects/20210514412106331/data/dXJuOmFkc2sud2lwcHJvZDpmcy5mb2xkZXI6Y28ucU04eGNtQzdReXliS0NURmJQYUFTQQ/dXJuOmFkc2sud2lwcHJvZDpkbS5saW5lYWdlOlh4SzhZNFhHVEN5WDNPT29yLUd3WlE/viewer?version=1&commentId=urn:adsk.commen"&"ts:social.comment:655ec21f86d64b45b2f2d31b25a4e13b&showComments=1&guid=6882be48-6626-5238-d3df-94e9f0a0019d") -> https://myhub.autodesk360.com/ue29d95bb/g/projects/20210514412106331/data/dXJuOmFkc2sud2lwcHJvZDpmcy5mb2xkZXI6Y28ucU04eGNtQzdReXliS0NURmJQYUFTQQ/dXJuOmFkc2sud2lwcHJvZDpkbS5saW5lYWdlOlh4SzhZNFhHVEN5WDNPT29yLUd3WlE/viewer?version=1&commentId=urn:adsk.comments:social.comment:655ec21f86d64b45b2f2d31b25a4e13b&showComments=1&guid=6882be48-6626-5238-d3df-94e9f0a0019d | H3: =IFERROR(__xludf.DUMMYFUNCTION("""COMPUTED_VALUE"""),"Geral") -> Geral | I3: =IFERROR(__xludf.DUMMYFUNCTION("""COMPUTED_VALUE"""),"https://photos.google.com/share/AF1QipMp8IwP1oaaM3uZxlFtOvkb9lpx3bxXWYKmZy5pRl7ZdMCEu7RH7rnzo4fFMbH0NA?key=a1ZQWFp2S2R2Vkp1cVRuX3dGTVVXRVJRQm9udUFB") -> https://photos.google.com/share/AF1QipMp8IwP1oaaM3uZxlFtOvkb9lpx3bxXWYKmZy5pRl7ZdMCEu7RH7rnzo4fFMbH0NA?key=a1ZQWFp2S2R2Vkp1cVRuX3dGTVVXRVJRQm9udUFB
A4: =IFERROR(__xludf.DUMMYFUNCTION("""COMPUTED_VALUE"""),"2ºPav.-Administrativa FME") -> 2ºPav.-Administrativa FME | B4: =IFERROR(__xludf.DUMMYFUNCTION("""COMPUTED_VALUE"""),"2ºPav.") -> 2ºPav. | C4: =IFERROR(__xludf.DUMMYFUNCTION("""COMPUTED_VALUE"""),"Administrativa FME") -> Administrativa FME | D4: =IFERROR(__xludf.DUMMYFUNCTION("""COMPUTED_VALUE"""),"2ºPav.") -> 2ºPav. | E4: =IFERROR(__xludf.DUMMYFUNCTION("""COMPUTED_VALUE"""),"A") -> A | G4: =IFERROR(__xludf.DUMMYFUNCTION("""COMPUTED_VALUE"""),"https://myhub.autodesk360.com/ue29d95bb/g/projects/20210514412106331/data/dXJuOmFkc2sud2lwcHJvZDpmcy5mb2xkZXI6Y28ucU04eGNtQzdReXliS0NURmJQYUFTQQ/dXJuOmFkc2sud2lwcHJvZDpkbS5saW5lYWdlOlh4SzhZNFhHVEN5WDNPT29yLUd3WlE/viewer?version=1&commentId=urn:adsk.commen"&"ts:social.comment:3c6e25073639441e8e347606248889a2&showComments=1&guid=6882be48-6626-5238-d3df-94e9f0a0019d") -> https://myhub.autodesk360.com/ue29d95bb/g/projects/20210514412106331/data/dXJuOmFkc2sud2lwcHJvZDpmcy5mb2xkZXI6Y28ucU04eGNtQzdReXliS0NURmJQYUFTQQ/dXJuOmFkc2sud2lwcHJvZDpkbS5saW5lYWdlOlh4SzhZNFhHVEN5WDNPT29yLUd3WlE/viewer?version=1&commentId=urn:adsk.comments:social.comment:3c6e25073639441e8e347606248889a2&showComments=1&guid=6882be48-6626-5238-d3df-94e9f0a0019d | H4: =IFERROR(__xludf.DUMMYFUNCTION("""COMPUTED_VALUE"""),"Outros") -> Outros
A5: =IFERROR(__xludf.DUMMYFUNCTION("""COMPUTED_VALUE"""),"2ºPav.-Antecâmara Setor A") -> 2ºPav.-Antecâmara Setor A | B5: =IFERROR(__xludf.DUMMYFUNCTION("""COMPUTED_VALUE"""),"2ºPav.") -> 2ºPav. | C5: =IFERROR(__xludf.DUMMYFUNCTION("""COMPUTED_VALUE"""),"Antecâmara Setor A") -> Antecâmara Setor A | D5: =IFERROR(__xludf.DUMMYFUNCTION("""COMPUTED_VALUE"""),"2ºPav.") -> 2ºPav. | E5: =IFERROR(__xludf.DUMMYFUNCTION("""COMPUTED_VALUE"""),"A") -> A | F5: =IFERROR(__xludf.DUMMYFUNCTION("""COMPUTED_VALUE"""),61.0) -> 61 | G5: =IFERROR(__xludf.DUMMYFUNCTION("""COMPUTED_VALUE"""),"https://myhub.autodesk360.com/ue29d95bb/g/projects/20210514412106331/data/dXJuOmFkc2sud2lwcHJvZDpmcy5mb2xkZXI6Y28ucU04eGNtQzdReXliS0NURmJQYUFTQQ/dXJuOmFkc2sud2lwcHJvZDpkbS5saW5lYWdlOlh4SzhZNFhHVEN5WDNPT29yLUd3WlE/viewer?version=1&commentId=urn:adsk.commen"&"ts:social.comment:7b8291e7388243c5a7a1d954f8752a0e&showComments=1&guid=6882be48-6626-5238-d3df-94e9f0a0019d") -> https://myhub.autodesk360.com/ue29d95bb/g/projects/20210514412106331/data/dXJuOmFkc2sud2lwcHJvZDpmcy5mb2xkZXI6Y28ucU04eGNtQzdReXliS0NURmJQYUFTQQ/dXJuOmFkc2sud2lwcHJvZDpkbS5saW5lYWdlOlh4SzhZNFhHVEN5WDNPT29yLUd3WlE/viewer?version=1&commentId=urn:adsk.comments:social.comment:7b8291e7388243c5a7a1d954f8752a0e&showComments=1&guid=6882be48-6626-5238-d3df-94e9f0a0019d | H5: =IFERROR(__xludf.DUMMYFUNCTION("""COMPUTED_VALUE"""),"Circulação / Corredores") -> Circulação / Corredores
A6: =IFERROR(__xludf.DUMMYFUNCTION("""COMPUTED_VALUE"""),"2ºPav.-Antecâmara Setor B") -> 2ºPav.-Antecâmara Setor B | B6: =IFERROR(__xludf.DUMMYFUNCTION("""COMPUTED_VALUE"""),"2ºPav.") -> 2ºPav. | C6: =IFERROR(__xludf.DUMMYFUNCTION("""COMPUTED_VALUE"""),"Antecâmara Setor B") -> Antecâmara Setor B | D6: =IFERROR(__xludf.DUMMYFUNCTION("""COMPUTED_VALUE"""),"2ºPav.") -> 2ºPav. | E6: =IFERROR(__xludf.DUMMYFUNCTION("""COMPUTED_VALUE"""),"B") -> B | F6: =IFERROR(__xludf.DUMMYFUNCTION("""COMPUTED_VALUE"""),59.0) -> 59 | G6: =IFERROR(__xludf.DUMMYFUNCTION("""COMPUTED_VALUE"""),"https://myhub.autodesk360.com/ue29d95bb/g/projects/20210514412106331/data/dXJuOmFkc2sud2lwcHJvZDpmcy5mb2xkZXI6Y28ucU04eGNtQzdReXliS0NURmJQYUFTQQ/dXJuOmFkc2sud2lwcHJvZDpkbS5saW5lYWdlOlh4SzhZNFhHVEN5WDNPT29yLUd3WlE/viewer?version=1&commentId=urn:adsk.commen"&"ts:social.comment:436cc99776e744639bf94d5149a12056&showComments=1&guid=6882be48-6626-5238-d3df-94e9f0a0019d") -> https://myhub.autodesk360.com/ue29d95bb/g/projects/20210514412106331/data/dXJuOmFkc2sud2lwcHJvZDpmcy5mb2xkZXI6Y28ucU04eGNtQzdReXliS0NURmJQYUFTQQ/dXJuOmFkc2sud2lwcHJvZDpkbS5saW5lYWdlOlh4SzhZNFhHVEN5WDNPT29yLUd3WlE/viewer?version=1&commentId=urn:adsk.comments:social.comment:436cc99776e744639bf94d5149a12056&showComments=1&guid=6882be48-6626-5238-d3df-94e9f0a0019d | H6: =IFERROR(__xludf.DUMMYFUNCTION("""COMPUTED_VALUE"""),"Circulação / Corredores") -> Circulação / Corredores | I6: =IFERROR(__xludf.DUMMYFUNCTION("""COMPUTED_VALUE"""),"https://photos.google.com/search/2%C2%BAPav.-Antec%C3%A2mara%20Setor%20B") -> https://photos.google.com/search/2%C2%BAPav.-Antec%C3%A2mara%20Setor%20B
A7: =IFERROR(__xludf.DUMMYFUNCTION("""COMPUTED_VALUE"""),"2ºPav.-Área Registro de Pacientes") -> 2ºPav.-Área Registro de Pacientes | B7: =IFERROR(__xludf.DUMMYFUNCTION("""COMPUTED_VALUE"""),"2ºPav.") -> 2ºPav. | C7: =IFERROR(__xludf.DUMMYFUNCTION("""COMPUTED_VALUE"""),"Área Registro de Pacientes") -> Área Registro de Pacientes | D7: =IFERROR(__xludf.DUMMYFUNCTION("""COMPUTED_VALUE"""),"2ºPav.") -> 2ºPav. | E7: =IFERROR(__xludf.DUMMYFUNCTION("""COMPUTED_VALUE"""),"A") -> A | G7: =IFERROR(__xludf.DUMMYFUNCTION("""COMPUTED_VALUE"""),"https://myhub.autodesk360.com/ue29d95bb/g/projects/20210514412106331/data/dXJuOmFkc2sud2lwcHJvZDpmcy5mb2xkZXI6Y28ucU04eGNtQzdReXliS0NURmJQYUFTQQ/dXJuOmFkc2sud2lwcHJvZDpkbS5saW5lYWdlOlh4SzhZNFhHVEN5WDNPT29yLUd3WlE/viewer?version=1&commentId=urn:adsk.commen"&"ts:social.comment:c54e018dfcd6449cb526a56a57d62ee8&showComments=1&guid=6882be48-6626-5238-d3df-94e9f0a0019d") -> https://myhub.autodesk360.com/ue29d95bb/g/projects/20210514412106331/data/dXJuOmFkc2sud2lwcHJvZDpmcy5mb2xkZXI6Y28ucU04eGNtQzdReXliS0NURmJQYUFTQQ/dXJuOmFkc2sud2lwcHJvZDpkbS5saW5lYWdlOlh4SzhZNFhHVEN5WDNPT29yLUd3WlE/viewer?version=1&commentId=urn:adsk.comments:social.comment:c54e018dfcd6449cb526a56a57d62ee8&showComments=1&guid=6882be48-6626-5238-d3df-94e9f0a0019d | H7: =IFERROR(__xludf.DUMMYFUNCTION("""COMPUTED_VALUE"""),"Recepção") -> Recepção | I7: =IFERROR(__xludf.DUMMYFUNCTION("""COMPUTED_VALUE"""),"https://photos.google.com/search/2%C2%BAPav.-%C3%81rea%20Registro%20de%20Pacientes") -> https://photos.google.com/search/2%C2%BAPav.-%C3%81rea%20Registro%20de%20Pacientes
A8: =IFERROR(__xludf.DUMMYFUNCTION("""COMPUTED_VALUE"""),"2ºPav.-Armazenamento FME") -> 2ºPav.-Armazenamento FME | B8: =IFERROR(__xludf.DUMMYFUNCTION("""COMPUTED_VALUE"""),"2ºPav.") -> 2ºPav. | C8: =IFERROR(__xludf.DUMMYFUNCTION("""COMPUTED_VALUE"""),"Armazenamento FME") -> Armazenamento FME | D8: =IFERROR(__xludf.DUMMYFUNCTION("""COMPUTED_VALUE"""),"2ºPav.") -> 2ºPav. | E8: =IFERROR(__xludf.DUMMYFUNCTION("""COMPUTED_VALUE"""),"A") -> A | G8: =IFERROR(__xludf.DUMMYFUNCTION("""COMPUTED_VALUE"""),"https://myhub.autodesk360.com/ue29d95bb/g/projects/20210514412106331/data/dXJuOmFkc2sud2lwcHJvZDpmcy5mb2xkZXI6Y28ucU04eGNtQzdReXliS0NURmJQYUFTQQ/dXJuOmFkc2sud2lwcHJvZDpkbS5saW5lYWdlOlh4SzhZNFhHVEN5WDNPT29yLUd3WlE/viewer?version=1&commentId=urn:adsk.commen"&"ts:social.comment:2092d960dc73478c937a3506afaa9454&showComments=1&guid=6882be48-6626-5238-d3df-94e9f0a0019d") -> https://myhub.autodesk360.com/ue29d95bb/g/projects/20210514412106331/data/dXJuOmFkc2sud2lwcHJvZDpmcy5mb2xkZXI6Y28ucU04eGNtQzdReXliS0NURmJQYUFTQQ/dXJuOmFkc2sud2lwcHJvZDpkbS5saW5lYWdlOlh4SzhZNFhHVEN5WDNPT29yLUd3WlE/viewer?version=1&commentId=urn:adsk.comments:social.comment:2092d960dc73478c937a3506afaa9454&showComments=1&guid=6882be48-6626-5238-d3df-94e9f0a0019d | H8: =IFERROR(__xludf.DUMMYFUNCTION("""COMPUTED_VALUE"""),"Outros") -> Outros | I8: =IFERROR(__xludf.DUMMYFUNCTION("""COMPUTED_VALUE"""),"https://photos.google.com/search/2%C2%BAPav.-Armazenamento%20FME") -> https://photos.google.com/search/2%C2%BAPav.-Armazenamento%20FME
A9: =IFERROR(__xludf.DUMMYFUNCTION("""COMPUTED_VALUE"""),"2ºPav.-Assistente Social") -> 2ºPav.-Assistente Social | B9: =IFERROR(__xludf.DUMMYFUNCTION("""COMPUTED_VALUE"""),"2ºPav.") -> 2ºPav. | C9: =IFERROR(__xludf.DUMMYFUNCTION("""COMPUTED_VALUE"""),"Assistente Social") -> Assistente Social | D9: =IFERROR(__xludf.DUMMYFUNCTION("""COMPUTED_VALUE"""),"2ºPav.") -> 2ºPav. | E9: =IFERROR(__xludf.DUMMYFUNCTION("""COMPUTED_VALUE"""),"A") -> A | G9: =IFERROR(__xludf.DUMMYFUNCTION("""COMPUTED_VALUE"""),"https://myhub.autodesk360.com/ue29d95bb/g/projects/20210514412106331/data/dXJuOmFkc2sud2lwcHJvZDpmcy5mb2xkZXI6Y28ucU04eGNtQzdReXliS0NURmJQYUFTQQ/dXJuOmFkc2sud2lwcHJvZDpkbS5saW5lYWdlOlh4SzhZNFhHVEN5WDNPT29yLUd3WlE/viewer?version=1&commentId=urn:adsk.commen"&"ts:social.comment:b308e19492464a80b8d6ea28bd847077&showComments=1&guid=6882be48-6626-5238-d3df-94e9f0a0019d") -> https://myhub.autodesk360.com/ue29d95bb/g/projects/20210514412106331/data/dXJuOmFkc2sud2lwcHJvZDpmcy5mb2xkZXI6Y28ucU04eGNtQzdReXliS0NURmJQYUFTQQ/dXJuOmFkc2sud2lwcHJvZDpkbS5saW5lYWdlOlh4SzhZNFhHVEN5WDNPT29yLUd3WlE/viewer?version=1&commentId=urn:adsk.comments:social.comment:b308e19492464a80b8d6ea28bd847077&showComments=1&guid=6882be48-6626-5238-d3df-94e9f0a0019d | H9: =IFERROR(__xludf.DUMMYFUNCTION("""COMPUTED_VALUE"""),"Consultório") -> Consultório | I9: =IFERROR(__xludf.DUMMYFUNCTION("""COMPUTED_VALUE"""),"https://photos.google.com/search/2%C2%BAPav.-Assistente%20Social") -> https://photos.google.com/search/2%C2%BAPav.-Assistente%20Social
A10: =IFERROR(__xludf.DUMMYFUNCTION("""COMPUTED_VALUE"""),"2ºPav.-Box Privativo Aplicação Quimioterápicos") -> 2ºPav.-Box Privativo Aplicação Quimioterápicos | B10: =IFERROR(__xludf.DUMMYFUNCTION("""COMPUTED_VALUE"""),"2ºPav.") -> 2ºPav. | C10: =IFERROR(__xludf.DUMMYFUNCTION("""COMPUTED_VALUE"""),"Box Privativo Aplicação Quimioterápicos") -> Box Privativo Aplicação Quimioterápicos | D10: =IFERROR(__xludf.DUMMYFUNCTION("""COMPUTED_VALUE"""),"2ºPav.") -> 2ºPav. | E10: =IFERROR(__xludf.DUMMYFUNCTION("""COMPUTED_VALUE"""),"A") -> A | G10: =IFERROR(__xludf.DUMMYFUNCTION("""COMPUTED_VALUE"""),"https://myhub.autodesk360.com/ue29d95bb/g/projects/20210514412106331/data/dXJuOmFkc2sud2lwcHJvZDpmcy5mb2xkZXI6Y28ucU04eGNtQzdReXliS0NURmJQYUFTQQ/dXJuOmFkc2sud2lwcHJvZDpkbS5saW5lYWdlOlh4SzhZNFhHVEN5WDNPT29yLUd3WlE/viewer?version=1&commentId=urn:adsk.commen"&"ts:social.comment:bce2bf4a74b24481bc21c127432efe65&showComments=1&guid=6882be48-6626-5238-d3df-94e9f0a0019d") -> https://myhub.autodesk360.com/ue29d95bb/g/projects/20210514412106331/data/dXJuOmFkc2sud2lwcHJvZDpmcy5mb2xkZXI6Y28ucU04eGNtQzdReXliS0NURmJQYUFTQQ/dXJuOmFkc2sud2lwcHJvZDpkbS5saW5lYWdlOlh4SzhZNFhHVEN5WDNPT29yLUd3WlE/viewer?version=1&commentId=urn:adsk.comments:social.comment:bce2bf4a74b24481bc21c127432efe65&showComments=1&guid=6882be48-6626-5238-d3df-94e9f0a0019d | H10: =IFERROR(__xludf.DUMMYFUNCTION("""COMPUTED_VALUE"""),"Aplicação") -> Aplicação
A11: =IFERROR(__xludf.DUMMYFUNCTION("""COMPUTED_VALUE"""),"2ºPav.-Circulação Monta Carga") -> 2ºPav.-Circulação Monta Carga | B11: =IFERROR(__xludf.DUMMYFUNCTION("""COMPUTED_VALUE"""),"2ºPav.") -> 2ºPav. | C11: =IFERROR(__xludf.DUMMYFUNCTION("""COMPUTED_VALUE"""),"Circulação Monta Carga") -> Circulação Monta Carga | D11: =IFERROR(__xludf.DUMMYFUNCTION("""COMPUTED_VALUE"""),"2ºPav.") -> 2ºPav. | E11: =IFERROR(__xludf.DUMMYFUNCTION("""COMPUTED_VALUE"""),"A") -> A | F11: =IFERROR(__xludf.DUMMYFUNCTION("""COMPUTED_VALUE"""),12.0) -> 12 | G11: =IFERROR(__xludf.DUMMYFUNCTION("""COMPUTED_VALUE"""),"https://myhub.autodesk360.com/ue29d95bb/g/projects/20210514412106331/data/dXJuOmFkc2sud2lwcHJvZDpmcy5mb2xkZXI6Y28ucU04eGNtQzdReXliS0NURmJQYUFTQQ/dXJuOmFkc2sud2lwcHJvZDpkbS5saW5lYWdlOlh4SzhZNFhHVEN5WDNPT29yLUd3WlE/viewer?version=1&commentId=urn:adsk.commen"&"ts:social.comment:b4e772a941f64d0a803b93128435622c&showComments=1&guid=6882be48-6626-5238-d3df-94e9f0a0019d") -> https://myhub.autodesk360.com/ue29d95bb/g/projects/20210514412106331/data/dXJuOmFkc2sud2lwcHJvZDpmcy5mb2xkZXI6Y28ucU04eGNtQzdReXliS0NURmJQYUFTQQ/dXJuOmFkc2sud2lwcHJvZDpkbS5saW5lYWdlOlh4SzhZNFhHVEN5WDNPT29yLUd3WlE/viewer?version=1&commentId=urn:adsk.comments:social.comment:b4e772a941f64d0a803b93128435622c&showComments=1&guid=6882be48-6626-5238-d3df-94e9f0a0019d | H11: =IFERROR(__xludf.DUMMYFUNCTION("""COMPUTED_VALUE"""),"Outros") -> Outros | I11: =IFERROR(__xludf.DUMMYFUNCTION("""COMPUTED_VALUE"""),"https://photos.google.com/search/2%C2%BAPav.-Circula%C3%A7%C3%A3o%20Monta%20Carga") -> https://photos.google.com/search/2%C2%BAPav.-Circula%C3%A7%C3%A3o%20Monta%20Carga
A12: =IFERROR(__xludf.DUMMYFUNCTION("""COMPUTED_VALUE"""),"2ºPav.-Consultório") -> 2ºPav.-Consultório | B12: =IFERROR(__xludf.DUMMYFUNCTION("""COMPUTED_VALUE"""),"2ºPav.") -> 2ºPav. | C12: =IFERROR(__xludf.DUMMYFUNCTION("""COMPUTED_VALUE"""),"Consultório") -> Consultório | D12: =IFERROR(__xludf.DUMMYFUNCTION("""COMPUTED_VALUE"""),"2ºPav.") -> 2ºPav. | E12: =IFERROR(__xludf.DUMMYFUNCTION("""COMPUTED_VALUE"""),"B") -> B | G12: =IFERROR(__xludf.DUMMYFUNCTION("""COMPUTED_VALUE"""),"https://myhub.autodesk360.com/ue29d95bb/g/projects/20210514412106331/data/dXJuOmFkc2sud2lwcHJvZDpmcy5mb2xkZXI6Y28ucU04eGNtQzdReXliS0NURmJQYUFTQQ/dXJuOmFkc2sud2lwcHJvZDpkbS5saW5lYWdlOlh4SzhZNFhHVEN5WDNPT29yLUd3WlE/viewer?version=1&commentId=urn:adsk.commen"&"ts:social.comment:d28eb067f9f24da08280197c8ac30ff6&showComments=1&guid=6882be48-6626-5238-d3df-94e9f0a0019d") -> https://myhub.autodesk360.com/ue29d95bb/g/projects/20210514412106331/data/dXJuOmFkc2sud2lwcHJvZDpmcy5mb2xkZXI6Y28ucU04eGNtQzdReXliS0NURmJQYUFTQQ/dXJuOmFkc2sud2lwcHJvZDpkbS5saW5lYWdlOlh4SzhZNFhHVEN5WDNPT29yLUd3WlE/viewer?version=1&commentId=urn:adsk.comments:social.comment:d28eb067f9f24da08280197c8ac30ff6&showComments=1&guid=6882be48-6626-5238-d3df-94e9f0a0019d | H12: =IFERROR(__xludf.DUMMYFUNCTION("""COMPUTED_VALUE"""),"Consultório") -> Consultório
A13: =IFERROR(__xludf.DUMMYFUNCTION("""COMPUTED_VALUE"""),"2ºPav.-Consultório FME") -> 2ºPav.-Consultório FME | B13: =IFERROR(__xludf.DUMMYFUNCTION("""COMPUTED_VALUE"""),"2ºPav.") -> 2ºPav. | C13: =IFERROR(__xludf.DUMMYFUNCTION("""COMPUTED_VALUE"""),"Consultório FME") -> Consultório FME | D13: =IFERROR(__xludf.DUMMYFUNCTION("""COMPUTED_VALUE"""),"2ºPav.") -> 2ºPav. | E13: =IFERROR(__xludf.DUMMYFUNCTION("""COMPUTED_VALUE"""),"A") -> A | G13: =IFERROR(__xludf.DUMMYFUNCTION("""COMPUTED_VALUE"""),"https://myhub.autodesk360.com/ue29d95bb/g/projects/20210514412106331/data/dXJuOmFkc2sud2lwcHJvZDpmcy5mb2xkZXI6Y28ucU04eGNtQzdReXliS0NURmJQYUFTQQ/dXJuOmFkc2sud2lwcHJvZDpkbS5saW5lYWdlOlh4SzhZNFhHVEN5WDNPT29yLUd3WlE/viewer?version=1&commentId=urn:adsk.commen"&"ts:social.comment:54997e72ff6b450fa1b7246214f14ddf&showComments=1&guid=6882be48-6626-5238-d3df-94e9f0a0019d") -> https://myhub.autodesk360.com/ue29d95bb/g/projects/20210514412106331/data/dXJuOmFkc2sud2lwcHJvZDpmcy5mb2xkZXI6Y28ucU04eGNtQzdReXliS0NURmJQYUFTQQ/dXJuOmFkc2sud2lwcHJvZDpkbS5saW5lYWdlOlh4SzhZNFhHVEN5WDNPT29yLUd3WlE/viewer?version=1&commentId=urn:adsk.comments:social.comment:54997e72ff6b450fa1b7246214f14ddf&showComments=1&guid=6882be48-6626-5238-d3df-94e9f0a0019d | H13: =IFERROR(__xludf.DUMMYFUNCTION("""COMPUTED_VALUE"""),"Consultório") -> Consultório
A14: =IFERROR(__xludf.DUMMYFUNCTION("""COMPUTED_VALUE"""),"2ºPav.-Consultório Psicologia") -> 2ºPav.-Consultório Psicologia | B14: =IFERROR(__xludf.DUMMYFUNCTION("""COMPUTED_VALUE"""),"2ºPav.") -> 2ºPav. | C14: =IFERROR(__xludf.DUMMYFUNCTION("""COMPUTED_VALUE"""),"Consultório Psicologia") -> Consultório Psicologia | D14: =IFERROR(__xludf.DUMMYFUNCTION("""COMPUTED_VALUE"""),"2ºPav.") -> 2ºPav. | E14: =IFERROR(__xludf.DUMMYFUNCTION("""COMPUTED_VALUE"""),"A") -> A | G14: =IFERROR(__xludf.DUMMYFUNCTION("""COMPUTED_VALUE"""),"https://myhub.autodesk360.com/ue29d95bb/g/projects/20210514412106331/data/dXJuOmFkc2sud2lwcHJvZDpmcy5mb2xkZXI6Y28ucU04eGNtQzdReXliS0NURmJQYUFTQQ/dXJuOmFkc2sud2lwcHJvZDpkbS5saW5lYWdlOlh4SzhZNFhHVEN5WDNPT29yLUd3WlE/viewer?version=1&commentId=urn:adsk.commen"&"ts:social.comment:3892f26f5af946c1b01851f8081432ae&showComments=1&guid=6882be48-6626-5238-d3df-94e9f0a0019d") -> https://myhub.autodesk360.com/ue29d95bb/g/projects/20210514412106331/data/dXJuOmFkc2sud2lwcHJvZDpmcy5mb2xkZXI6Y28ucU04eGNtQzdReXliS0NURmJQYUFTQQ/dXJuOmFkc2sud2lwcHJvZDpkbS5saW5lYWdlOlh4SzhZNFhHVEN5WDNPT29yLUd3WlE/viewer?version=1&commentId=urn:adsk.comments:social.comment:3892f26f5af946c1b01851f8081432ae&showComments=1&guid=6882be48-6626-5238-d3df-94e9f0a0019d | H14: =IFERROR(__xludf.DUMMYFUNCTION("""COMPUTED_VALUE"""),"Consultório") -> Consultório
A15: =IFERROR(__xludf.DUMMYFUNCTION("""COMPUTED_VALUE"""),"2ºPav.-Copa") -> 2ºPav.-Copa | B15: =IFERROR(__xludf.DUMMYFUNCTION("""COMPUTED_VALUE"""),"2ºPav.") -> 2ºPav. | C15: =IFERROR(__xludf.DUMMYFUNCTION("""COMPUTED_VALUE"""),"Copa") -> Copa | D15: =IFERROR(__xludf.DUMMYFUNCTION("""COMPUTED_VALUE"""),"2ºPav.") -> 2ºPav. | E15: =IFERROR(__xludf.DUMMYFUNCTION("""COMPUTED_VALUE"""),"B") -> B | G15: =IFERROR(__xludf.DUMMYFUNCTION("""COMPUTED_VALUE"""),"https://myhub.autodesk360.com/ue29d95bb/g/projects/20210514412106331/data/dXJuOmFkc2sud2lwcHJvZDpmcy5mb2xkZXI6Y28ucU04eGNtQzdReXliS0NURmJQYUFTQQ/dXJuOmFkc2sud2lwcHJvZDpkbS5saW5lYWdlOlh4SzhZNFhHVEN5WDNPT29yLUd3WlE/viewer?version=1&commentId=urn:adsk.commen"&"ts:social.comment:c4957477c6284c6bae3310116d667428&showComments=1&guid=6882be48-6626-5238-d3df-94e9f0a0019d") -> https://myhub.autodesk360.com/ue29d95bb/g/projects/20210514412106331/data/dXJuOmFkc2sud2lwcHJvZDpmcy5mb2xkZXI6Y28ucU04eGNtQzdReXliS0NURmJQYUFTQQ/dXJuOmFkc2sud2lwcHJvZDpkbS5saW5lYWdlOlh4SzhZNFhHVEN5WDNPT29yLUd3WlE/viewer?version=1&commentId=urn:adsk.comments:social.comment:c4957477c6284c6bae3310116d667428&showComments=1&guid=6882be48-6626-5238-d3df-94e9f0a0019d | H15: =IFERROR(__xludf.DUMMYFUNCTION("""COMPUTED_VALUE"""),"Copa") -> Copa
A16: =IFERROR(__xludf.DUMMYFUNCTION("""COMPUTED_VALUE"""),"2ºPav.-Copa Funcionários") -> 2ºPav.-Copa Funcionários | B16: =IFERROR(__xludf.DUMMYFUNCTION("""COMPUTED_VALUE"""),"2ºPav.") -> 2ºPav. | C16: =IFERROR(__xludf.DUMMYFUNCTION("""COMPUTED_VALUE"""),"Copa Funcionários") -> Copa Funcionários | D16: =IFERROR(__xludf.DUMMYFUNCTION("""COMPUTED_VALUE"""),"2ºPav.") -> 2ºPav. | E16: =IFERROR(__xludf.DUMMYFUNCTION("""COMPUTED_VALUE"""),"A") -> A | G16: =IFERROR(__xludf.DUMMYFUNCTION("""COMPUTED_VALUE"""),"https://myhub.autodesk360.com/ue29d95bb/g/projects/20210514412106331/data/dXJuOmFkc2sud2lwcHJvZDpmcy5mb2xkZXI6Y28ucU04eGNtQzdReXliS0NURmJQYUFTQQ/dXJuOmFkc2sud2lwcHJvZDpkbS5saW5lYWdlOlh4SzhZNFhHVEN5WDNPT29yLUd3WlE/viewer?version=1&commentId=urn:adsk.commen"&"ts:social.comment:e13102bdbe6d42b78d5880435c850464&showComments=1&guid=6882be48-6626-5238-d3df-94e9f0a0019d") -> https://myhub.autodesk360.com/ue29d95bb/g/projects/20210514412106331/data/dXJuOmFkc2sud2lwcHJvZDpmcy5mb2xkZXI6Y28ucU04eGNtQzdReXliS0NURmJQYUFTQQ/dXJuOmFkc2sud2lwcHJvZDpkbS5saW5lYWdlOlh4SzhZNFhHVEN5WDNPT29yLUd3WlE/viewer?version=1&commentId=urn:adsk.comments:social.comment:e13102bdbe6d42b78d5880435c850464&showComments=1&guid=6882be48-6626-5238-d3df-94e9f0a0019d | H16: =IFERROR(__xludf.DUMMYFUNCTION("""COMPUTED_VALUE"""),"Copa") -> Copa
A17: =IFERROR(__xludf.DUMMYFUNCTION("""COMPUTED_VALUE"""),"2ºPav.-Corredor Central Setor A") -> 2ºPav.-Corredor Central Setor A | B17: =IFERROR(__xludf.DUMMYFUNCTION("""COMPUTED_VALUE"""),"2ºPav.") -> 2ºPav. | C17: =IFERROR(__xludf.DUMMYFUNCTION("""COMPUTED_VALUE"""),"Corredor Central Setor A") -> Corredor Central Setor A | D17: =IFERROR(__xludf.DUMMYFUNCTION("""COMPUTED_VALUE"""),"2ºPav.") -> 2ºPav. | E17: =IFERROR(__xludf.DUMMYFUNCTION("""COMPUTED_VALUE"""),"A") -> A | F17: =IFERROR(__xludf.DUMMYFUNCTION("""COMPUTED_VALUE"""),63.0) -> 63 | G17: =IFERROR(__xludf.DUMMYFUNCTION("""COMPUTED_VALUE"""),"https://myhub.autodesk360.com/ue29d95bb/g/projects/20210514412106331/data/dXJuOmFkc2sud2lwcHJvZDpmcy5mb2xkZXI6Y28ucU04eGNtQzdReXliS0NURmJQYUFTQQ/dXJuOmFkc2sud2lwcHJvZDpkbS5saW5lYWdlOlh4SzhZNFhHVEN5WDNPT29yLUd3WlE/viewer?version=1&commentId=urn:adsk.commen"&"ts:social.comment:05a9839aff294e7d9284043d76be4cba&showComments=1&guid=6882be48-6626-5238-d3df-94e9f0a0019d") -> https://myhub.autodesk360.com/ue29d95bb/g/projects/20210514412106331/data/dXJuOmFkc2sud2lwcHJvZDpmcy5mb2xkZXI6Y28ucU04eGNtQzdReXliS0NURmJQYUFTQQ/dXJuOmFkc2sud2lwcHJvZDpkbS5saW5lYWdlOlh4SzhZNFhHVEN5WDNPT29yLUd3WlE/viewer?version=1&commentId=urn:adsk.comments:social.comment:05a9839aff294e7d9284043d76be4cba&showComments=1&guid=6882be48-6626-5238-d3df-94e9f0a0019d | H17: =IFERROR(__xludf.DUMMYFUNCTION("""COMPUTED_VALUE"""),"Circulação / Corredores") -> Circulação / Corredores | I17: =IFERROR(__xludf.DUMMYFUNCTION("""COMPUTED_VALUE"""),"https://photos.google.com/search/2%C2%BAPav.-Corredor%20Central%20Setor%20A") -> https://photos.google.com/search/2%C2%BAPav.-Corredor%20Central%20Setor%20A
A18: =IFERROR(__xludf.DUMMYFUNCTION("""COMPUTED_VALUE"""),"2ºPav.-Corredor Central Setor B") -> 2ºPav.-Corredor Central Setor B | B18: =IFERROR(__xludf.DUMMYFUNCTION("""COMPUTED_VALUE"""),"2ºPav.") -> 2ºPav. | C18: =IFERROR(__xludf.DUMMYFUNCTION("""COMPUTED_VALUE"""),"Corredor Central Setor B") -> Corredor Central Setor B | D18: =IFERROR(__xludf.DUMMYFUNCTION("""COMPUTED_VALUE"""),"2ºPav.") -> 2ºPav. | E18: =IFERROR(__xludf.DUMMYFUNCTION("""COMPUTED_VALUE"""),"B") -> B | F18: =IFERROR(__xludf.DUMMYFUNCTION("""COMPUTED_VALUE"""),64.0) -> 64 | G18: =IFERROR(__xludf.DUMMYFUNCTION("""COMPUTED_VALUE"""),"https://myhub.autodesk360.com/ue29d95bb/g/projects/20210514412106331/data/dXJuOmFkc2sud2lwcHJvZDpmcy5mb2xkZXI6Y28ucU04eGNtQzdReXliS0NURmJQYUFTQQ/dXJuOmFkc2sud2lwcHJvZDpkbS5saW5lYWdlOlh4SzhZNFhHVEN5WDNPT29yLUd3WlE/viewer?version=1&commentId=urn:adsk.commen"&"ts:social.comment:1882645c37d747daaaa888df63f31ddd&showComments=1&guid=6882be48-6626-5238-d3df-94e9f0a0019d") -> https://myhub.autodesk360.com/ue29d95bb/g/projects/20210514412106331/data/dXJuOmFkc2sud2lwcHJvZDpmcy5mb2xkZXI6Y28ucU04eGNtQzdReXliS0NURmJQYUFTQQ/dXJuOmFkc2sud2lwcHJvZDpkbS5saW5lYWdlOlh4SzhZNFhHVEN5WDNPT29yLUd3WlE/viewer?version=1&commentId=urn:adsk.comments:social.comment:1882645c37d747daaaa888df63f31ddd&showComments=1&guid=6882be48-6626-5238-d3df-94e9f0a0019d | H18: =IFERROR(__xludf.DUMMYFUNCTION("""COMPUTED_VALUE"""),"Circulação / Corredores") -> Circulação / Corredores | I18: =IFERROR(__xludf.DUMMYFUNCTION("""COMPUTED_VALUE"""),"https://photos.google.com/search/2%C2%BAPav.-Corredor%20Central%20Setor%20B") -> https://photos.google.com/search/2%C2%BAPav.-Corredor%20Central%20Setor%20B
A19: =IFERROR(__xludf.DUMMYFUNCTION("""COMPUTED_VALUE"""),"2ºPav.-Corredor Circulação FME") -> 2ºPav.-Corredor Circulação FME | B19: =IFERROR(__xludf.DUMMYFUNCTION("""COMPUTED_VALUE"""),"2ºPav.") -> 2ºPav. | C19: =IFERROR(__xludf.DUMMYFUNCTION("""COMPUTED_VALUE"""),"Corredor Circulação FME") -> Corredor Circulação FME | D19: =IFERROR(__xludf.DUMMYFUNCTION("""COMPUTED_VALUE"""),"2ºPav.") -> 2ºPav. | E19: =IFERROR(__xludf.DUMMYFUNCTION("""COMPUTED_VALUE"""),"A") -> A | F19: =IFERROR(__xludf.DUMMYFUNCTION("""COMPUTED_VALUE"""),53.0) -> 53 | G19: =IFERROR(__xludf.DUMMYFUNCTION("""COMPUTED_VALUE"""),"https://myhub.autodesk360.com/ue29d95bb/g/projects/20210514412106331/data/dXJuOmFkc2sud2lwcHJvZDpmcy5mb2xkZXI6Y28ucU04eGNtQzdReXliS0NURmJQYUFTQQ/dXJuOmFkc2sud2lwcHJvZDpkbS5saW5lYWdlOlh4SzhZNFhHVEN5WDNPT29yLUd3WlE/viewer?version=1&commentId=urn:adsk.commen"&"ts:social.comment:40a82da47b2a42b3abfcf0cd35df5b10&showComments=1&guid=6882be48-6626-5238-d3df-94e9f0a0019d") -> https://myhub.autodesk360.com/ue29d95bb/g/projects/20210514412106331/data/dXJuOmFkc2sud2lwcHJvZDpmcy5mb2xkZXI6Y28ucU04eGNtQzdReXliS0NURmJQYUFTQQ/dXJuOmFkc2sud2lwcHJvZDpkbS5saW5lYWdlOlh4SzhZNFhHVEN5WDNPT29yLUd3WlE/viewer?version=1&commentId=urn:adsk.comments:social.comment:40a82da47b2a42b3abfcf0cd35df5b10&showComments=1&guid=6882be48-6626-5238-d3df-94e9f0a0019d | H19: =IFERROR(__xludf.DUMMYFUNCTION("""COMPUTED_VALUE"""),"Circulação / Corredores") -> Circulação / Corredores
A20: =IFERROR(__xludf.DUMMYFUNCTION("""COMPUTED_VALUE"""),"2ºPav.-Depósito") -> 2ºPav.-Depósito | B20: =IFERROR(__xludf.DUMMYFUNCTION("""COMPUTED_VALUE"""),"2ºPav.") -> 2ºPav. | C20: =IFERROR(__xludf.DUMMYFUNCTION("""COMPUTED_VALUE"""),"Depósito") -> Depósito | D20: =IFERROR(__xludf.DUMMYFUNCTION("""COMPUTED_VALUE"""),"2ºPav.") -> 2ºPav. | E20: =IFERROR(__xludf.DUMMYFUNCTION("""COMPUTED_VALUE"""),"A") -> A | G20: =IFERROR(__xludf.DUMMYFUNCTION("""COMPUTED_VALUE"""),"https://myhub.autodesk360.com/ue29d95bb/g/projects/20210514412106331/data/dXJuOmFkc2sud2lwcHJvZDpmcy5mb2xkZXI6Y28ucU04eGNtQzdReXliS0NURmJQYUFTQQ/dXJuOmFkc2sud2lwcHJvZDpkbS5saW5lYWdlOlh4SzhZNFhHVEN5WDNPT29yLUd3WlE/viewer?version=1&commentId=urn:adsk.commen"&"ts:social.comment:5f734b3fb3c045cfbd41782be16b890d&showComments=1&guid=6882be48-6626-5238-d3df-94e9f0a0019d") -> https://myhub.autodesk360.com/ue29d95bb/g/projects/20210514412106331/data/dXJuOmFkc2sud2lwcHJvZDpmcy5mb2xkZXI6Y28ucU04eGNtQzdReXliS0NURmJQYUFTQQ/dXJuOmFkc2sud2lwcHJvZDpkbS5saW5lYWdlOlh4SzhZNFhHVEN5WDNPT29yLUd3WlE/viewer?version=1&commentId=urn:adsk.comments:social.comment:5f734b3fb3c045cfbd41782be16b890d&showComments=1&guid=6882be48-6626-5238-d3df-94e9f0a0019d | H20: =IFERROR(__xludf.DUMMYFUNCTION("""COMPUTED_VALUE"""),"Depósito") -> Depósito
A21: =IFERROR(__xludf.DUMMYFUNCTION("""COMPUTED_VALUE"""),"2ºPav.-Depósito de Materiais e Equipamentos") -> 2ºPav.-Depósito de Materiais e Equipamentos | B21: =IFERROR(__xludf.DUMMYFUNCTION("""COMPUTED_VALUE"""),"2ºPav.") -> 2ºPav. | C21: =IFERROR(__xludf.DUMMYFUNCTION("""COMPUTED_VALUE"""),"Depósito de Materiais e Equipamentos") -> Depósito de Materiais e Equipamentos | D21: =IFERROR(__xludf.DUMMYFUNCTION("""COMPUTED_VALUE"""),"2ºPav.") -> 2ºPav. | E21: =IFERROR(__xludf.DUMMYFUNCTION("""COMPUTED_VALUE"""),"A") -> A | G21: =IFERROR(__xludf.DUMMYFUNCTION("""COMPUTED_VALUE"""),"https://myhub.autodesk360.com/ue29d95bb/g/projects/20210514412106331/data/dXJuOmFkc2sud2lwcHJvZDpmcy5mb2xkZXI6Y28ucU04eGNtQzdReXliS0NURmJQYUFTQQ/dXJuOmFkc2sud2lwcHJvZDpkbS5saW5lYWdlOlh4SzhZNFhHVEN5WDNPT29yLUd3WlE/viewer?version=1&commentId=urn:adsk.commen"&"ts:social.comment:cb61c77dd9914ef8afa1fba960bb0f25&showComments=1&guid=6882be48-6626-5238-d3df-94e9f0a0019d") -> https://myhub.autodesk360.com/ue29d95bb/g/projects/20210514412106331/data/dXJuOmFkc2sud2lwcHJvZDpmcy5mb2xkZXI6Y28ucU04eGNtQzdReXliS0NURmJQYUFTQQ/dXJuOmFkc2sud2lwcHJvZDpkbS5saW5lYWdlOlh4SzhZNFhHVEN5WDNPT29yLUd3WlE/viewer?version=1&commentId=urn:adsk.comments:social.comment:cb61c77dd9914ef8afa1fba960bb0f25&showComments=1&guid=6882be48-6626-5238-d3df-94e9f0a0019d | H21: =IFERROR(__xludf.DUMMYFUNCTION("""COMPUTED_VALUE"""),"Depósito") -> Depósito
A22: =IFERROR(__xludf.DUMMYFUNCTION("""COMPUTED_VALUE"""),"2ºPav.-Depósito Temporário Resíduos") -> 2ºPav.-Depósito Temporário Resíduos | B22: =IFERROR(__xludf.DUMMYFUNCTION("""COMPUTED_VALUE"""),"2ºPav.") -> 2ºPav. | C22: =IFERROR(__xludf.DUMMYFUNCTION("""COMPUTED_VALUE"""),"Depósito Temporário Resíduos") -> Depósito Temporário Resíduos | D22: =IFERROR(__xludf.DUMMYFUNCTION("""COMPUTED_VALUE"""),"2ºPav.") -> 2ºPav. | E22: =IFERROR(__xludf.DUMMYFUNCTION("""COMPUTED_VALUE"""),"A") -> A | G22: =IFERROR(__xludf.DUMMYFUNCTION("""COMPUTED_VALUE"""),"https://myhub.autodesk360.com/ue29d95bb/g/projects/20210514412106331/data/dXJuOmFkc2sud2lwcHJvZDpmcy5mb2xkZXI6Y28ucU04eGNtQzdReXliS0NURmJQYUFTQQ/dXJuOmFkc2sud2lwcHJvZDpkbS5saW5lYWdlOlh4SzhZNFhHVEN5WDNPT29yLUd3WlE/viewer?version=1&commentId=urn:adsk.commen"&"ts:social.comment:c38f19a6d2a44a469798a0c4f722223d&showComments=1&guid=6882be48-6626-5238-d3df-94e9f0a0019d") -> https://myhub.autodesk360.com/ue29d95bb/g/projects/20210514412106331/data/dXJuOmFkc2sud2lwcHJvZDpmcy5mb2xkZXI6Y28ucU04eGNtQzdReXliS0NURmJQYUFTQQ/dXJuOmFkc2sud2lwcHJvZDpkbS5saW5lYWdlOlh4SzhZNFhHVEN5WDNPT29yLUd3WlE/viewer?version=1&commentId=urn:adsk.comments:social.comment:c38f19a6d2a44a469798a0c4f722223d&showComments=1&guid=6882be48-6626-5238-d3df-94e9f0a0019d | H22: =IFERROR(__xludf.DUMMYFUNCTION("""COMPUTED_VALUE"""),"Outros") -> Outros
A23: =IFERROR(__xludf.DUMMYFUNCTION("""COMPUTED_VALUE"""),"2ºPav.-DML") -> 2ºPav.-DML | B23: =IFERROR(__xludf.DUMMYFUNCTION("""COMPUTED_VALUE"""),"2ºPav.") -> 2ºPav. | C23: =IFERROR(__xludf.DUMMYFUNCTION("""COMPUTED_VALUE"""),"DML") -> DML | D23: =IFERROR(__xludf.DUMMYFUNCTION("""COMPUTED_VALUE"""),"2ºPav.") -> 2ºPav. | E23: =IFERROR(__xludf.DUMMYFUNCTION("""COMPUTED_VALUE"""),"B") -> B | G23: =IFERROR(__xludf.DUMMYFUNCTION("""COMPUTED_VALUE"""),"https://myhub.autodesk360.com/ue29d95bb/g/projects/20210514412106331/data/dXJuOmFkc2sud2lwcHJvZDpmcy5mb2xkZXI6Y28ucU04eGNtQzdReXliS0NURmJQYUFTQQ/dXJuOmFkc2sud2lwcHJvZDpkbS5saW5lYWdlOlh4SzhZNFhHVEN5WDNPT29yLUd3WlE/viewer?version=1&commentId=urn:adsk.commen"&"ts:social.comment:84dfa0a6de464e138a15cfaf611ecaba&showComments=1&guid=6882be48-6626-5238-d3df-94e9f0a0019d") -> https://myhub.autodesk360.com/ue29d95bb/g/projects/20210514412106331/data/dXJuOmFkc2sud2lwcHJvZDpmcy5mb2xkZXI6Y28ucU04eGNtQzdReXliS0NURmJQYUFTQQ/dXJuOmFkc2sud2lwcHJvZDpkbS5saW5lYWdlOlh4SzhZNFhHVEN5WDNPT29yLUd3WlE/viewer?version=1&commentId=urn:adsk.comments:social.comment:84dfa0a6de464e138a15cfaf611ecaba&showComments=1&guid=6882be48-6626-5238-d3df-94e9f0a0019d | H23: =IFERROR(__xludf.DUMMYFUNCTION("""COMPUTED_VALUE"""),"Outros") -> Outros
A24: =IFERROR(__xludf.DUMMYFUNCTION("""COMPUTED_VALUE"""),"2ºPav.-Escada Prova de Fogo Setor B") -> 2ºPav.-Escada Prova de Fogo Setor B | B24: =IFERROR(__xludf.DUMMYFUNCTION("""COMPUTED_VALUE"""),"2ºPav.") -> 2ºPav. | C24: =IFERROR(__xludf.DUMMYFUNCTION("""COMPUTED_VALUE"""),"Escada Prova de Fogo Setor B") -> Escada Prova de Fogo Setor B | D24: =IFERROR(__xludf.DUMMYFUNCTION("""COMPUTED_VALUE"""),"2ºPav.") -> 2ºPav. | E24: =IFERROR(__xludf.DUMMYFUNCTION("""COMPUTED_VALUE"""),"B") -> B | F24: =IFERROR(__xludf.DUMMYFUNCTION("""COMPUTED_VALUE"""),67.0) -> 67 | G24: =IFERROR(__xludf.DUMMYFUNCTION("""COMPUTED_VALUE"""),"https://myhub.autodesk360.com/ue29d95bb/g/projects/20210514412106331/data/dXJuOmFkc2sud2lwcHJvZDpmcy5mb2xkZXI6Y28ucU04eGNtQzdReXliS0NURmJQYUFTQQ/dXJuOmFkc2sud2lwcHJvZDpkbS5saW5lYWdlOlh4SzhZNFhHVEN5WDNPT29yLUd3WlE/viewer?version=1&commentId=urn:adsk.commen"&"ts:social.comment:e19ad5dfb0924c6cb3f6176ce8f6b140&showComments=1&guid=6882be48-6626-5238-d3df-94e9f0a0019d") -> https://myhub.autodesk360.com/ue29d95bb/g/projects/20210514412106331/data/dXJuOmFkc2sud2lwcHJvZDpmcy5mb2xkZXI6Y28ucU04eGNtQzdReXliS0NURmJQYUFTQQ/dXJuOmFkc2sud2lwcHJvZDpkbS5saW5lYWdlOlh4SzhZNFhHVEN5WDNPT29yLUd3WlE/viewer?version=1&commentId=urn:adsk.comments:social.comment:e19ad5dfb0924c6cb3f6176ce8f6b140&showComments=1&guid=6882be48-6626-5238-d3df-94e9f0a0019d | H24: =IFERROR(__xludf.DUMMYFUNCTION("""COMPUTED_VALUE"""),"Escadas") -> Escadas
A25: =IFERROR(__xludf.DUMMYFUNCTION("""COMPUTED_VALUE"""),"2ºPav.-Guichê Atendimento FME") -> 2ºPav.-Guichê Atendimento FME | B25: =IFERROR(__xludf.DUMMYFUNCTION("""COMPUTED_VALUE"""),"2ºPav.") -> 2ºPav. | C25: =IFERROR(__xludf.DUMMYFUNCTION("""COMPUTED_VALUE"""),"Guichê Atendimento FME") -> Guichê Atendimento FME | D25: =IFERROR(__xludf.DUMMYFUNCTION("""COMPUTED_VALUE"""),"2ºPav.") -> 2ºPav. | E25: =IFERROR(__xludf.DUMMYFUNCTION("""COMPUTED_VALUE"""),"A") -> A | G25: =IFERROR(__xludf.DUMMYFUNCTION("""COMPUTED_VALUE"""),"https://myhub.autodesk360.com/ue29d95bb/g/projects/20210514412106331/data/dXJuOmFkc2sud2lwcHJvZDpmcy5mb2xkZXI6Y28ucU04eGNtQzdReXliS0NURmJQYUFTQQ/dXJuOmFkc2sud2lwcHJvZDpkbS5saW5lYWdlOlh4SzhZNFhHVEN5WDNPT29yLUd3WlE/viewer?version=1&commentId=urn:adsk.commen"&"ts:social.comment:662dfb8b50964380b3c7f176498ded32&showComments=1&guid=6882be48-6626-5238-d3df-94e9f0a0019d") -> https://myhub.autodesk360.com/ue29d95bb/g/projects/20210514412106331/data/dXJuOmFkc2sud2lwcHJvZDpmcy5mb2xkZXI6Y28ucU04eGNtQzdReXliS0NURmJQYUFTQQ/dXJuOmFkc2sud2lwcHJvZDpkbS5saW5lYWdlOlh4SzhZNFhHVEN5WDNPT29yLUd3WlE/viewer?version=1&commentId=urn:adsk.comments:social.comment:662dfb8b50964380b3c7f176498ded32&showComments=1&guid=6882be48-6626-5238-d3df-94e9f0a0019d | H25: =IFERROR(__xludf.DUMMYFUNCTION("""COMPUTED_VALUE"""),"Outros") -> Outros | I25: =IFERROR(__xludf.DUMMYFUNCTION("""COMPUTED_VALUE"""),"https://photos.google.com/search/2%C2%BAPav.-Guich%C3%AA%20Atendimento%20FME") -> https://photos.google.com/search/2%C2%BAPav.-Guich%C3%AA%20Atendimento%20FME
A26: =IFERROR(__xludf.DUMMYFUNCTION("""COMPUTED_VALUE"""),"2ºPav.-Hall Elevador Público") -> 2ºPav.-Hall Elevador Público | B26: =IFERROR(__xludf.DUMMYFUNCTION("""COMPUTED_VALUE"""),"2ºPav.") -> 2ºPav. | C26: =IFERROR(__xludf.DUMMYFUNCTION("""COMPUTED_VALUE"""),"Hall Elevador Público") -> Hall Elevador Público | D26: =IFERROR(__xludf.DUMMYFUNCTION("""COMPUTED_VALUE"""),"2ºPav.") -> 2ºPav. | E26: =IFERROR(__xludf.DUMMYFUNCTION("""COMPUTED_VALUE"""),"A") -> A | F26: =IFERROR(__xludf.DUMMYFUNCTION("""COMPUTED_VALUE"""),62.0) -> 62 | G26: =IFERROR(__xludf.DUMMYFUNCTION("""COMPUTED_VALUE"""),"https://myhub.autodesk360.com/ue29d95bb/g/projects/20210514412106331/data/dXJuOmFkc2sud2lwcHJvZDpmcy5mb2xkZXI6Y28ucU04eGNtQzdReXliS0NURmJQYUFTQQ/dXJuOmFkc2sud2lwcHJvZDpkbS5saW5lYWdlOlh4SzhZNFhHVEN5WDNPT29yLUd3WlE/viewer?version=1&commentId=urn:adsk.commen"&"ts:social.comment:5884c287db9648b39443a155542fd8c5&showComments=1&guid=6882be48-6626-5238-d3df-94e9f0a0019d") -> https://myhub.autodesk360.com/ue29d95bb/g/projects/20210514412106331/data/dXJuOmFkc2sud2lwcHJvZDpmcy5mb2xkZXI6Y28ucU04eGNtQzdReXliS0NURmJQYUFTQQ/dXJuOmFkc2sud2lwcHJvZDpkbS5saW5lYWdlOlh4SzhZNFhHVEN5WDNPT29yLUd3WlE/viewer?version=1&commentId=urn:adsk.comments:social.comment:5884c287db9648b39443a155542fd8c5&showComments=1&guid=6882be48-6626-5238-d3df-94e9f0a0019d | H26: =IFERROR(__xludf.DUMMYFUNCTION("""COMPUTED_VALUE"""),"Circulação / Corredores") -> Circulação / Corredores | I26: =IFERROR(__xludf.DUMMYFUNCTION("""COMPUTED_VALUE"""),"https://photos.google.com/search/2%C2%BAPav.-Hall%20Elevador%20P%C3%BAblico") -> https://photos.google.com/search/2%C2%BAPav.-Hall%20Elevador%20P%C3%BAblico
A27: =IFERROR(__xludf.DUMMYFUNCTION("""COMPUTED_VALUE"""),"2ºPav.-Hall Elevador Serviço") -> 2ºPav.-Hall Elevador Serviço | B27: =IFERROR(__xludf.DUMMYFUNCTION("""COMPUTED_VALUE"""),"2ºPav.") -> 2ºPav. | C27: =IFERROR(__xludf.DUMMYFUNCTION("""COMPUTED_VALUE"""),"Hall Elevador Serviço") -> Hall Elevador Serviço | D27: =IFERROR(__xludf.DUMMYFUNCTION("""COMPUTED_VALUE"""),"2ºPav.") -> 2ºPav. | E27: =IFERROR(__xludf.DUMMYFUNCTION("""COMPUTED_VALUE"""),"B") -> B | F27: =IFERROR(__xludf.DUMMYFUNCTION("""COMPUTED_VALUE"""),60.0) -> 60 | G27: =IFERROR(__xludf.DUMMYFUNCTION("""COMPUTED_VALUE"""),"https://myhub.autodesk360.com/ue29d95bb/g/projects/20210514412106331/data/dXJuOmFkc2sud2lwcHJvZDpmcy5mb2xkZXI6Y28ucU04eGNtQzdReXliS0NURmJQYUFTQQ/dXJuOmFkc2sud2lwcHJvZDpkbS5saW5lYWdlOlh4SzhZNFhHVEN5WDNPT29yLUd3WlE/viewer?version=1&commentId=urn:adsk.commen"&"ts:social.comment:ae4a173d9b514e4db71c242795dce105&showComments=1&guid=6882be48-6626-5238-d3df-94e9f0a0019d") -> https://myhub.autodesk360.com/ue29d95bb/g/projects/20210514412106331/data/dXJuOmFkc2sud2lwcHJvZDpmcy5mb2xkZXI6Y28ucU04eGNtQzdReXliS0NURmJQYUFTQQ/dXJuOmFkc2sud2lwcHJvZDpkbS5saW5lYWdlOlh4SzhZNFhHVEN5WDNPT29yLUd3WlE/viewer?version=1&commentId=urn:adsk.comments:social.comment:ae4a173d9b514e4db71c242795dce105&showComments=1&guid=6882be48-6626-5238-d3df-94e9f0a0019d | H27: =IFERROR(__xludf.DUMMYFUNCTION("""COMPUTED_VALUE"""),"Circulação / Corredores") -> Circulação / Corredores | I27: =IFERROR(__xludf.DUMMYFUNCTION("""COMPUTED_VALUE"""),"https://photos.google.com/search/2%C2%BAPav.-Hall%20Elevador%20Servi%C3%A7o") -> https://photos.google.com/search/2%C2%BAPav.-Hall%20Elevador%20Servi%C3%A7o
A28: =IFERROR(__xludf.DUMMYFUNCTION("""COMPUTED_VALUE"""),"2ºPav.-Lava Olhos e Chuveiro Emergência") -> 2ºPav.-Lava Olhos e Chuveiro Emergência | B28: =IFERROR(__xludf.DUMMYFUNCTION("""COMPUTED_VALUE"""),"2ºPav.") -> 2ºPav. | C28: =IFERROR(__xludf.DUMMYFUNCTION("""COMPUTED_VALUE"""),"Lava Olhos e Chuveiro Emergência") -> Lava Olhos e Chuveiro Emergência | D28: =IFERROR(__xludf.DUMMYFUNCTION("""COMPUTED_VALUE"""),"2ºPav.") -> 2ºPav. | E28: =IFERROR(__xludf.DUMMYFUNCTION("""COMPUTED_VALUE"""),"A") -> A | G28: =IFERROR(__xludf.DUMMYFUNCTION("""COMPUTED_VALUE"""),"https://myhub.autodesk360.com/ue29d95bb/g/projects/20210514412106331/data/dXJuOmFkc2sud2lwcHJvZDpmcy5mb2xkZXI6Y28ucU04eGNtQzdReXliS0NURmJQYUFTQQ/dXJuOmFkc2sud2lwcHJvZDpkbS5saW5lYWdlOlh4SzhZNFhHVEN5WDNPT29yLUd3WlE/viewer?version=1&commentId=urn:adsk.commen"&"ts:social.comment:5f734b3fb3c045cfbd41782be16b890d&showComments=1&guid=6882be48-6626-5238-d3df-94e9f0a0019d") -> https://myhub.autodesk360.com/ue29d95bb/g/projects/20210514412106331/data/dXJuOmFkc2sud2lwcHJvZDpmcy5mb2xkZXI6Y28ucU04eGNtQzdReXliS0NURmJQYUFTQQ/dXJuOmFkc2sud2lwcHJvZDpkbS5saW5lYWdlOlh4SzhZNFhHVEN5WDNPT29yLUd3WlE/viewer?version=1&commentId=urn:adsk.comments:social.comment:5f734b3fb3c045cfbd41782be16b890d&showComments=1&guid=6882be48-6626-5238-d3df-94e9f0a0019d | H28: =IFERROR(__xludf.DUMMYFUNCTION("""COMPUTED_VALUE"""),"Outros") -> Outros
A29: =IFERROR(__xludf.DUMMYFUNCTION("""COMPUTED_VALUE"""),"2ºPav.-Posto Enfermagem 1") -> 2ºPav.-Posto Enfermagem 1 | B29: =IFERROR(__xludf.DUMMYFUNCTION("""COMPUTED_VALUE"""),"2ºPav.") -> 2ºPav. | C29: =IFERROR(__xludf.DUMMYFUNCTION("""COMPUTED_VALUE"""),"Posto Enfermagem 1") -> Posto Enfermagem 1 | D29: =IFERROR(__xludf.DUMMYFUNCTION("""COMPUTED_VALUE"""),"2ºPav.") -> 2ºPav. | E29: =IFERROR(__xludf.DUMMYFUNCTION("""COMPUTED_VALUE"""),"A") -> A | G29: =IFERROR(__xludf.DUMMYFUNCTION("""COMPUTED_VALUE"""),"https://myhub.autodesk360.com/ue29d95bb/g/projects/20210514412106331/data/dXJuOmFkc2sud2lwcHJvZDpmcy5mb2xkZXI6Y28ucU04eGNtQzdReXliS0NURmJQYUFTQQ/dXJuOmFkc2sud2lwcHJvZDpkbS5saW5lYWdlOlh4SzhZNFhHVEN5WDNPT29yLUd3WlE/viewer?version=1&commentId=urn:adsk.commen"&"ts:social.comment:ad8076572aaf4dac9c8c5f39182c9f62&showComments=1&guid=6882be48-6626-5238-d3df-94e9f0a0019d") -> https://myhub.autodesk360.com/ue29d95bb/g/projects/20210514412106331/data/dXJuOmFkc2sud2lwcHJvZDpmcy5mb2xkZXI6Y28ucU04eGNtQzdReXliS0NURmJQYUFTQQ/dXJuOmFkc2sud2lwcHJvZDpkbS5saW5lYWdlOlh4SzhZNFhHVEN5WDNPT29yLUd3WlE/viewer?version=1&commentId=urn:adsk.comments:social.comment:ad8076572aaf4dac9c8c5f39182c9f62&showComments=1&guid=6882be48-6626-5238-d3df-94e9f0a0019d | H29: =IFERROR(__xludf.DUMMYFUNCTION("""COMPUTED_VALUE"""),"Posto Enfermagem") -> Posto Enfermagem
A30: =IFERROR(__xludf.DUMMYFUNCTION("""COMPUTED_VALUE"""),"2ºPav.-Posto Enfermagem 2") -> 2ºPav.-Posto Enfermagem 2 | B30: =IFERROR(__xludf.DUMMYFUNCTION("""COMPUTED_VALUE"""),"2ºPav.") -> 2ºPav. | C30: =IFERROR(__xludf.DUMMYFUNCTION("""COMPUTED_VALUE"""),"Posto Enfermagem 2") -> Posto Enfermagem 2 | D30: =IFERROR(__xludf.DUMMYFUNCTION("""COMPUTED_VALUE"""),"2ºPav.") -> 2ºPav. | E30: =IFERROR(__xludf.DUMMYFUNCTION("""COMPUTED_VALUE"""),"A") -> A | G30: =IFERROR(__xludf.DUMMYFUNCTION("""COMPUTED_VALUE"""),"https://myhub.autodesk360.com/ue29d95bb/g/projects/20210514412106331/data/dXJuOmFkc2sud2lwcHJvZDpmcy5mb2xkZXI6Y28ucU04eGNtQzdReXliS0NURmJQYUFTQQ/dXJuOmFkc2sud2lwcHJvZDpkbS5saW5lYWdlOlh4SzhZNFhHVEN5WDNPT29yLUd3WlE/viewer?version=1&commentId=urn:adsk.commen"&"ts:social.comment:44c75d18dcca4ee091e205304633657b&showComments=1&guid=6882be48-6626-5238-d3df-94e9f0a0019d") -> https://myhub.autodesk360.com/ue29d95bb/g/projects/20210514412106331/data/dXJuOmFkc2sud2lwcHJvZDpmcy5mb2xkZXI6Y28ucU04eGNtQzdReXliS0NURmJQYUFTQQ/dXJuOmFkc2sud2lwcHJvZDpkbS5saW5lYWdlOlh4SzhZNFhHVEN5WDNPT29yLUd3WlE/viewer?version=1&commentId=urn:adsk.comments:social.comment:44c75d18dcca4ee091e205304633657b&showComments=1&guid=6882be48-6626-5238-d3df-94e9f0a0019d | H30: =IFERROR(__xludf.DUMMYFUNCTION("""COMPUTED_VALUE"""),"Posto Enfermagem") -> Posto Enfermagem
A31: =IFERROR(__xludf.DUMMYFUNCTION("""COMPUTED_VALUE"""),"2ºPav.-Posto Enfermagem 3") -> 2ºPav.-Posto Enfermagem 3 | B31: =IFERROR(__xludf.DUMMYFUNCTION("""COMPUTED_VALUE"""),"2ºPav.") -> 2ºPav. | C31: =IFERROR(__xludf.DUMMYFUNCTION("""COMPUTED_VALUE"""),"Posto Enfermagem 3") -> Posto Enfermagem 3 | D31: =IFERROR(__xludf.DUMMYFUNCTION("""COMPUTED_VALUE"""),"2ºPav.") -> 2ºPav. | E31: =IFERROR(__xludf.DUMMYFUNCTION("""COMPUTED_VALUE"""),"A") -> A | G31: =IFERROR(__xludf.DUMMYFUNCTION("""COMPUTED_VALUE"""),"https://myhub.autodesk360.com/ue29d95bb/g/projects/20210514412106331/data/dXJuOmFkc2sud2lwcHJvZDpmcy5mb2xkZXI6Y28ucU04eGNtQzdReXliS0NURmJQYUFTQQ/dXJuOmFkc2sud2lwcHJvZDpkbS5saW5lYWdlOlh4SzhZNFhHVEN5WDNPT29yLUd3WlE/viewer?version=1&commentId=urn:adsk.commen"&"ts:social.comment:c81af5444cde406aa9a9368d744a0b04&showComments=1&guid=6882be48-6626-5238-d3df-94e9f0a0019d") -> https://myhub.autodesk360.com/ue29d95bb/g/projects/20210514412106331/data/dXJuOmFkc2sud2lwcHJvZDpmcy5mb2xkZXI6Y28ucU04eGNtQzdReXliS0NURmJQYUFTQQ/dXJuOmFkc2sud2lwcHJvZDpkbS5saW5lYWdlOlh4SzhZNFhHVEN5WDNPT29yLUd3WlE/viewer?version=1&commentId=urn:adsk.comments:social.comment:c81af5444cde406aa9a9368d744a0b04&showComments=1&guid=6882be48-6626-5238-d3df-94e9f0a0019d | H31: =IFERROR(__xludf.DUMMYFUNCTION("""COMPUTED_VALUE"""),"Posto Enfermagem") -> Posto Enfermagem
A32: =IFERROR(__xludf.DUMMYFUNCTION("""COMPUTED_VALUE"""),"2ºPav.-Posto Enfermagem 4") -> 2ºPav.-Posto Enfermagem 4 | B32: =IFERROR(__xludf.DUMMYFUNCTION("""COMPUTED_VALUE"""),"2ºPav.") -> 2ºPav. | C32: =IFERROR(__xludf.DUMMYFUNCTION("""COMPUTED_VALUE"""),"Posto Enfermagem 4") -> Posto Enfermagem 4 | D32: =IFERROR(__xludf.DUMMYFUNCTION("""COMPUTED_VALUE"""),"2ºPav.") -> 2ºPav. | E32: =IFERROR(__xludf.DUMMYFUNCTION("""COMPUTED_VALUE"""),"A") -> A | G32: =IFERROR(__xludf.DUMMYFUNCTION("""COMPUTED_VALUE"""),"https://myhub.autodesk360.com/ue29d95bb/g/projects/20210514412106331/data/dXJuOmFkc2sud2lwcHJvZDpmcy5mb2xkZXI6Y28ucU04eGNtQzdReXliS0NURmJQYUFTQQ/dXJuOmFkc2sud2lwcHJvZDpkbS5saW5lYWdlOlh4SzhZNFhHVEN5WDNPT29yLUd3WlE/viewer?version=1&commentId=urn:adsk.commen"&"ts:social.comment:3fefd035e0ef40d98be4f5e2b4c7952d&showComments=1&guid=6882be48-6626-5238-d3df-94e9f0a0019d") -> https://myhub.autodesk360.com/ue29d95bb/g/projects/20210514412106331/data/dXJuOmFkc2sud2lwcHJvZDpmcy5mb2xkZXI6Y28ucU04eGNtQzdReXliS0NURmJQYUFTQQ/dXJuOmFkc2sud2lwcHJvZDpkbS5saW5lYWdlOlh4SzhZNFhHVEN5WDNPT29yLUd3WlE/viewer?version=1&commentId=urn:adsk.comments:social.comment:3fefd035e0ef40d98be4f5e2b4c7952d&showComments=1&guid=6882be48-6626-5238-d3df-94e9f0a0019d | H32: =IFERROR(__xludf.DUMMYFUNCTION("""COMPUTED_VALUE"""),"Posto Enfermagem") -> Posto Enfermagem
A33: =IFERROR(__xludf.DUMMYFUNCTION("""COMPUTED_VALUE"""),"2ºPav.-Rouparia") -> 2ºPav.-Rouparia | B33: =IFERROR(__xludf.DUMMYFUNCTION("""COMPUTED_VALUE"""),"2ºPav.") -> 2ºPav. | C33: =IFERROR(__xludf.DUMMYFUNCTION("""COMPUTED_VALUE"""),"Rouparia") -> Rouparia | D33: =IFERROR(__xludf.DUMMYFUNCTION("""COMPUTED_VALUE"""),"2ºPav.") -> 2ºPav. | E33: =IFERROR(__xludf.DUMMYFUNCTION("""COMPUTED_VALUE"""),"B") -> B | G33: =IFERROR(__xludf.DUMMYFUNCTION("""COMPUTED_VALUE"""),"https://myhub.autodesk360.com/ue29d95bb/g/projects/20210514412106331/data/dXJuOmFkc2sud2lwcHJvZDpmcy5mb2xkZXI6Y28ucU04eGNtQzdReXliS0NURmJQYUFTQQ/dXJuOmFkc2sud2lwcHJvZDpkbS5saW5lYWdlOlh4SzhZNFhHVEN5WDNPT29yLUd3WlE/viewer?version=1&commentId=urn:adsk.commen"&"ts:social.comment:877678911866412e9aecd36463dac6bb&showComments=1&guid=6882be48-6626-5238-d3df-94e9f0a0019d") -> https://myhub.autodesk360.com/ue29d95bb/g/projects/20210514412106331/data/dXJuOmFkc2sud2lwcHJvZDpmcy5mb2xkZXI6Y28ucU04eGNtQzdReXliS0NURmJQYUFTQQ/dXJuOmFkc2sud2lwcHJvZDpkbS5saW5lYWdlOlh4SzhZNFhHVEN5WDNPT29yLUd3WlE/viewer?version=1&commentId=urn:adsk.comments:social.comment:877678911866412e9aecd36463dac6bb&showComments=1&guid=6882be48-6626-5238-d3df-94e9f0a0019d | H33: =IFERROR(__xludf.DUMMYFUNCTION("""COMPUTED_VALUE"""),"Outros") -> Outros
A34: =IFERROR(__xludf.DUMMYFUNCTION("""COMPUTED_VALUE"""),"2ºPav.-Sala Aplicalção Quimioterápicos 01 (poltronas)") -> 2ºPav.-Sala Aplicalção Quimioterápicos 01 (poltronas) | B34: =IFERROR(__xludf.DUMMYFUNCTION("""COMPUTED_VALUE"""),"2ºPav.") -> 2ºPav. | C34: =IFERROR(__xludf.DUMMYFUNCTION("""COMPUTED_VALUE"""),"Sala Aplicalção Quimioterápicos 01 (poltronas)") -> Sala Aplicalção Quimioterápicos 01 (poltronas) | D34: =IFERROR(__xludf.DUMMYFUNCTION("""COMPUTED_VALUE"""),"2ºPav.") -> 2ºPav. | E34: =IFERROR(__xludf.DUMMYFUNCTION("""COMPUTED_VALUE"""),"B") -> B | G34: =IFERROR(__xludf.DUMMYFUNCTION("""COMPUTED_VALUE"""),"https://myhub.autodesk360.com/ue29d95bb/g/projects/20210514412106331/data/dXJuOmFkc2sud2lwcHJvZDpmcy5mb2xkZXI6Y28ucU04eGNtQzdReXliS0NURmJQYUFTQQ/dXJuOmFkc2sud2lwcHJvZDpkbS5saW5lYWdlOlh4SzhZNFhHVEN5WDNPT29yLUd3WlE/viewer?version=1&commentId=urn:adsk.commen"&"ts:social.comment:8220e2cc5a4148e9a4cd822c05626d64&showComments=1&guid=6882be48-6626-5238-d3df-94e9f0a0019d") -> https://myhub.autodesk360.com/ue29d95bb/g/projects/20210514412106331/data/dXJuOmFkc2sud2lwcHJvZDpmcy5mb2xkZXI6Y28ucU04eGNtQzdReXliS0NURmJQYUFTQQ/dXJuOmFkc2sud2lwcHJvZDpkbS5saW5lYWdlOlh4SzhZNFhHVEN5WDNPT29yLUd3WlE/viewer?version=1&commentId=urn:adsk.comments:social.comment:8220e2cc5a4148e9a4cd822c05626d64&showComments=1&guid=6882be48-6626-5238-d3df-94e9f0a0019d | H34: =IFERROR(__xludf.DUMMYFUNCTION("""COMPUTED_VALUE"""),"Aplicação") -> Aplicação
A35: =IFERROR(__xludf.DUMMYFUNCTION("""COMPUTED_VALUE"""),"2ºPav.-Sala Aplicalção Quimioterápicos 02 (poltronas)") -> 2ºPav.-Sala Aplicalção Quimioterápicos 02 (poltronas) | B35: =IFERROR(__xludf.DUMMYFUNCTION("""COMPUTED_VALUE"""),"2ºPav.") -> 2ºPav. | C35: =IFERROR(__xludf.DUMMYFUNCTION("""COMPUTED_VALUE"""),"Sala Aplicalção Quimioterápicos 02 (poltronas)") -> Sala Aplicalção Quimioterápicos 02 (poltronas) | D35: =IFERROR(__xludf.DUMMYFUNCTION("""COMPUTED_VALUE"""),"2ºPav.") -> 2ºPav. | E35: =IFERROR(__xludf.DUMMYFUNCTION("""COMPUTED_VALUE"""),"A") -> A | G35: =IFERROR(__xludf.DUMMYFUNCTION("""COMPUTED_VALUE"""),"https://myhub.autodesk360.com/ue29d95bb/g/projects/20210514412106331/data/dXJuOmFkc2sud2lwcHJvZDpmcy5mb2xkZXI6Y28ucU04eGNtQzdReXliS0NURmJQYUFTQQ/dXJuOmFkc2sud2lwcHJvZDpkbS5saW5lYWdlOlh4SzhZNFhHVEN5WDNPT29yLUd3WlE/viewer?version=1&commentId=urn:adsk.commen"&"ts:social.comment:eafcdbe8a6e74699aa7190fb060d4f9e&showComments=1&guid=6882be48-6626-5238-d3df-94e9f0a0019d") -> https://myhub.autodesk360.com/ue29d95bb/g/projects/20210514412106331/data/dXJuOmFkc2sud2lwcHJvZDpmcy5mb2xkZXI6Y28ucU04eGNtQzdReXliS0NURmJQYUFTQQ/dXJuOmFkc2sud2lwcHJvZDpkbS5saW5lYWdlOlh4SzhZNFhHVEN5WDNPT29yLUd3WlE/viewer?version=1&commentId=urn:adsk.comments:social.comment:eafcdbe8a6e74699aa7190fb060d4f9e&showComments=1&guid=6882be48-6626-5238-d3df-94e9f0a0019d | H35: =IFERROR(__xludf.DUMMYFUNCTION("""COMPUTED_VALUE"""),"Aplicação") -> Aplicação
A36: =IFERROR(__xludf.DUMMYFUNCTION("""COMPUTED_VALUE"""),"2ºPav.-Sala Aplicalção Quimioterápicos 03 (poltronas)") -> 2ºPav.-Sala Aplicalção Quimioterápicos 03 (poltronas) | B36: =IFERROR(__xludf.DUMMYFUNCTION("""COMPUTED_VALUE"""),"2ºPav.") -> 2ºPav. | C36: =IFERROR(__xludf.DUMMYFUNCTION("""COMPUTED_VALUE"""),"Sala Aplicalção Quimioterápicos 03 (poltronas)") -> Sala Aplicalção Quimioterápicos 03 (poltronas) | D36: =IFERROR(__xludf.DUMMYFUNCTION("""COMPUTED_VALUE"""),"2ºPav.") -> 2ºPav. | E36: =IFERROR(__xludf.DUMMYFUNCTION("""COMPUTED_VALUE"""),"B") -> B | G36: =IFERROR(__xludf.DUMMYFUNCTION("""COMPUTED_VALUE"""),"https://myhub.autodesk360.com/ue29d95bb/g/projects/20210514412106331/data/dXJuOmFkc2sud2lwcHJvZDpmcy5mb2xkZXI6Y28ucU04eGNtQzdReXliS0NURmJQYUFTQQ/dXJuOmFkc2sud2lwcHJvZDpkbS5saW5lYWdlOlh4SzhZNFhHVEN5WDNPT29yLUd3WlE/viewer?version=1&commentId=urn:adsk.commen"&"ts:social.comment:703e3f21aace4a01b36f8cfa4070e01d&showComments=1&guid=6882be48-6626-5238-d3df-94e9f0a0019d") -> https://myhub.autodesk360.com/ue29d95bb/g/projects/20210514412106331/data/dXJuOmFkc2sud2lwcHJvZDpmcy5mb2xkZXI6Y28ucU04eGNtQzdReXliS0NURmJQYUFTQQ/dXJuOmFkc2sud2lwcHJvZDpkbS5saW5lYWdlOlh4SzhZNFhHVEN5WDNPT29yLUd3WlE/viewer?version=1&commentId=urn:adsk.comments:social.comment:703e3f21aace4a01b36f8cfa4070e01d&showComments=1&guid=6882be48-6626-5238-d3df-94e9f0a0019d | H36: =IFERROR(__xludf.DUMMYFUNCTION("""COMPUTED_VALUE"""),"Aplicação") -> Aplicação
A37: =IFERROR(__xludf.DUMMYFUNCTION("""COMPUTED_VALUE"""),"2ºPav.-Sala Aplicalção Quimioterápicos 04 (12 Leitos)") -> 2ºPav.-Sala Aplicalção Quimioterápicos 04 (12 Leitos) | B37: =IFERROR(__xludf.DUMMYFUNCTION("""COMPUTED_VALUE"""),"2ºPav.") -> 2ºPav. | C37: =IFERROR(__xludf.DUMMYFUNCTION("""COMPUTED_VALUE"""),"Sala Aplicalção Quimioterápicos 04 (12 Leitos)") -> Sala Aplicalção Quimioterápicos 04 (12 Leitos) | D37: =IFERROR(__xludf.DUMMYFUNCTION("""COMPUTED_VALUE"""),"2ºPav.") -> 2ºPav. | E37: =IFERROR(__xludf.DUMMYFUNCTION("""COMPUTED_VALUE"""),"A") -> A | G37: =IFERROR(__xludf.DUMMYFUNCTION("""COMPUTED_VALUE"""),"https://myhub.autodesk360.com/ue29d95bb/g/projects/20210514412106331/data/dXJuOmFkc2sud2lwcHJvZDpmcy5mb2xkZXI6Y28ucU04eGNtQzdReXliS0NURmJQYUFTQQ/dXJuOmFkc2sud2lwcHJvZDpkbS5saW5lYWdlOlh4SzhZNFhHVEN5WDNPT29yLUd3WlE/viewer?version=1&commentId=urn:adsk.commen"&"ts:social.comment:5477d61e12434bf29eea80259e5ee95a&showComments=1&guid=6882be48-6626-5238-d3df-94e9f0a0019d") -> https://myhub.autodesk360.com/ue29d95bb/g/projects/20210514412106331/data/dXJuOmFkc2sud2lwcHJvZDpmcy5mb2xkZXI6Y28ucU04eGNtQzdReXliS0NURmJQYUFTQQ/dXJuOmFkc2sud2lwcHJvZDpkbS5saW5lYWdlOlh4SzhZNFhHVEN5WDNPT29yLUd3WlE/viewer?version=1&commentId=urn:adsk.comments:social.comment:5477d61e12434bf29eea80259e5ee95a&showComments=1&guid=6882be48-6626-5238-d3df-94e9f0a0019d | H37: =IFERROR(__xludf.DUMMYFUNCTION("""COMPUTED_VALUE"""),"Aplicação") -> Aplicação
A38: =IFERROR(__xludf.DUMMYFUNCTION("""COMPUTED_VALUE"""),"2ºPav.-Sala Ar Condicionado - CM2.1") -> 2ºPav.-Sala Ar Condicionado - CM2.1 | B38: =IFERROR(__xludf.DUMMYFUNCTION("""COMPUTED_VALUE"""),"2ºPav.") -> 2ºPav. | C38: =IFERROR(__xludf.DUMMYFUNCTION("""COMPUTED_VALUE"""),"Sala Ar Condicionado - CM2.1") -> Sala Ar Condicionado - CM2.1 | D38: =IFERROR(__xludf.DUMMYFUNCTION("""COMPUTED_VALUE"""),"2ºPav.") -> 2ºPav. | E38: =IFERROR(__xludf.DUMMYFUNCTION("""COMPUTED_VALUE"""),"B") -> B | F38: =IFERROR(__xludf.DUMMYFUNCTION("""COMPUTED_VALUE"""),57.0) -> 57 | G38: =IFERROR(__xludf.DUMMYFUNCTION("""COMPUTED_VALUE"""),"https://myhub.autodesk360.com/ue29d95bb/g/projects/20210514412106331/data/dXJuOmFkc2sud2lwcHJvZDpmcy5mb2xkZXI6Y28ucU04eGNtQzdReXliS0NURmJQYUFTQQ/dXJuOmFkc2sud2lwcHJvZDpkbS5saW5lYWdlOlh4SzhZNFhHVEN5WDNPT29yLUd3WlE/viewer?version=1&commentId=urn:adsk.commen"&"ts:social.comment:786c183a90ed4e82987ad43f98e3f4f3&showComments=1&guid=6882be48-6626-5238-d3df-94e9f0a0019d") -> https://myhub.autodesk360.com/ue29d95bb/g/projects/20210514412106331/data/dXJuOmFkc2sud2lwcHJvZDpmcy5mb2xkZXI6Y28ucU04eGNtQzdReXliS0NURmJQYUFTQQ/dXJuOmFkc2sud2lwcHJvZDpkbS5saW5lYWdlOlh4SzhZNFhHVEN5WDNPT29yLUd3WlE/viewer?version=1&commentId=urn:adsk.comments:social.comment:786c183a90ed4e82987ad43f98e3f4f3&showComments=1&guid=6882be48-6626-5238-d3df-94e9f0a0019d | H38: =IFERROR(__xludf.DUMMYFUNCTION("""COMPUTED_VALUE"""),"Sala Máquina") -> Sala Máquina | I38: =IFERROR(__xludf.DUMMYFUNCTION("""COMPUTED_VALUE"""),"https://photos.google.com/search/2%C2%BAPav.-Sala%20Ar%20Condicionado%20-%20CM2.1") -> https://photos.google.com/search/2%C2%BAPav.-Sala%20Ar%20Condicionado%20-%20CM2.1
A39: =IFERROR(__xludf.DUMMYFUNCTION("""COMPUTED_VALUE"""),"2ºPav.-Sala Ar Condicionado - CM2.2") -> 2ºPav.-Sala Ar Condicionado - CM2.2 | B39: =IFERROR(__xludf.DUMMYFUNCTION("""COMPUTED_VALUE"""),"2ºPav.") -> 2ºPav. | C39: =IFERROR(__xludf.DUMMYFUNCTION("""COMPUTED_VALUE"""),"Sala Ar Condicionado - CM2.2") -> Sala Ar Condicionado - CM2.2 | D39: =IFERROR(__xludf.DUMMYFUNCTION("""COMPUTED_VALUE"""),"2ºPav.") -> 2ºPav. | E39: =IFERROR(__xludf.DUMMYFUNCTION("""COMPUTED_VALUE"""),"B") -> B | F39: =IFERROR(__xludf.DUMMYFUNCTION("""COMPUTED_VALUE"""),58.0) -> 58 | G39: =IFERROR(__xludf.DUMMYFUNCTION("""COMPUTED_VALUE"""),"https://myhub.autodesk360.com/ue29d95bb/g/projects/20210514412106331/data/dXJuOmFkc2sud2lwcHJvZDpmcy5mb2xkZXI6Y28ucU04eGNtQzdReXliS0NURmJQYUFTQQ/dXJuOmFkc2sud2lwcHJvZDpkbS5saW5lYWdlOlh4SzhZNFhHVEN5WDNPT29yLUd3WlE/viewer?version=1&commentId=urn:adsk.commen"&"ts:social.comment:1be102112d9547c7b007556b7f51eee5&showComments=1&guid=6882be48-6626-5238-d3df-94e9f0a0019d") -> https://myhub.autodesk360.com/ue29d95bb/g/projects/20210514412106331/data/dXJuOmFkc2sud2lwcHJvZDpmcy5mb2xkZXI6Y28ucU04eGNtQzdReXliS0NURmJQYUFTQQ/dXJuOmFkc2sud2lwcHJvZDpkbS5saW5lYWdlOlh4SzhZNFhHVEN5WDNPT29yLUd3WlE/viewer?version=1&commentId=urn:adsk.comments:social.comment:1be102112d9547c7b007556b7f51eee5&showComments=1&guid=6882be48-6626-5238-d3df-94e9f0a0019d | H39: =IFERROR(__xludf.DUMMYFUNCTION("""COMPUTED_VALUE"""),"Sala Máquina") -> Sala Máquina | I39: =IFERROR(__xludf.DUMMYFUNCTION("""COMPUTED_VALUE"""),"https://photos.google.com/search/2%C2%BAPav.-Sala%20Ar%20Condicionado%20-%20CM2.2") -> https://photos.google.com/search/2%C2%BAPav.-Sala%20Ar%20Condicionado%20-%20CM2.2
A40: =IFERROR(__xludf.DUMMYFUNCTION("""COMPUTED_VALUE"""),"2ºPav.-Sala Ar Condicionado - CM2.3") -> 2ºPav.-Sala Ar Condicionado - CM2.3 | B40: =IFERROR(__xludf.DUMMYFUNCTION("""COMPUTED_VALUE"""),"2ºPav.") -> 2ºPav. | C40: =IFERROR(__xludf.DUMMYFUNCTION("""COMPUTED_VALUE"""),"Sala Ar Condicionado - CM2.3") -> Sala Ar Condicionado - CM2.3 | D40: =IFERROR(__xludf.DUMMYFUNCTION("""COMPUTED_VALUE"""),"2ºPav.") -> 2ºPav. | E40: =IFERROR(__xludf.DUMMYFUNCTION("""COMPUTED_VALUE"""),"A") -> A | F40: =IFERROR(__xludf.DUMMYFUNCTION("""COMPUTED_VALUE"""),56.0) -> 56 | G40: =IFERROR(__xludf.DUMMYFUNCTION("""COMPUTED_VALUE"""),"https://myhub.autodesk360.com/ue29d95bb/g/projects/20210514412106331/data/dXJuOmFkc2sud2lwcHJvZDpmcy5mb2xkZXI6Y28ucU04eGNtQzdReXliS0NURmJQYUFTQQ/dXJuOmFkc2sud2lwcHJvZDpkbS5saW5lYWdlOlh4SzhZNFhHVEN5WDNPT29yLUd3WlE/viewer?version=1&commentId=urn:adsk.commen"&"ts:social.comment:1a69400125954ca6b40443e70a5785ee&showComments=1&guid=6882be48-6626-5238-d3df-94e9f0a0019d") -> https://myhub.autodesk360.com/ue29d95bb/g/projects/20210514412106331/data/dXJuOmFkc2sud2lwcHJvZDpmcy5mb2xkZXI6Y28ucU04eGNtQzdReXliS0NURmJQYUFTQQ/dXJuOmFkc2sud2lwcHJvZDpkbS5saW5lYWdlOlh4SzhZNFhHVEN5WDNPT29yLUd3WlE/viewer?version=1&commentId=urn:adsk.comments:social.comment:1a69400125954ca6b40443e70a5785ee&showComments=1&guid=6882be48-6626-5238-d3df-94e9f0a0019d | H40: =IFERROR(__xludf.DUMMYFUNCTION("""COMPUTED_VALUE"""),"Sala Máquina") -> Sala Máquina | I40: =IFERROR(__xludf.DUMMYFUNCTION("""COMPUTED_VALUE"""),"https://photos.google.com/search/2%C2%BAPav.-Sala%20Ar%20Condicionado%20-%20CM2.3") -> https://photos.google.com/search/2%C2%BAPav.-Sala%20Ar%20Condicionado%20-%20CM2.3
A41: =IFERROR(__xludf.DUMMYFUNCTION("""COMPUTED_VALUE"""),"2ºPav.-Sala de Coleta") -> 2ºPav.-Sala de Coleta | B41: =IFERROR(__xludf.DUMMYFUNCTION("""COMPUTED_VALUE"""),"2ºPav.") -> 2ºPav. | C41: =IFERROR(__xludf.DUMMYFUNCTION("""COMPUTED_VALUE"""),"Sala de Coleta") -> Sala de Coleta | D41: =IFERROR(__xludf.DUMMYFUNCTION("""COMPUTED_VALUE"""),"2ºPav.") -> 2ºPav. | E41: =IFERROR(__xludf.DUMMYFUNCTION("""COMPUTED_VALUE"""),"A") -> A | F41: =IFERROR(__xludf.DUMMYFUNCTION("""COMPUTED_VALUE"""),53.0) -> 53 | G41: =IFERROR(__xludf.DUMMYFUNCTION("""COMPUTED_VALUE"""),"https://myhub.autodesk360.com/ue29d95bb/g/projects/20210514412106331/data/dXJuOmFkc2sud2lwcHJvZDpmcy5mb2xkZXI6Y28ucU04eGNtQzdReXliS0NURmJQYUFTQQ/dXJuOmFkc2sud2lwcHJvZDpkbS5saW5lYWdlOlh4SzhZNFhHVEN5WDNPT29yLUd3WlE/viewer?version=1&commentId=urn:adsk.commen"&"ts:social.comment:da9a66e0dff441009ea525dc99685e0f&showComments=1&guid=6882be48-6626-5238-d3df-94e9f0a0019d") -> https://myhub.autodesk360.com/ue29d95bb/g/projects/20210514412106331/data/dXJuOmFkc2sud2lwcHJvZDpmcy5mb2xkZXI6Y28ucU04eGNtQzdReXliS0NURmJQYUFTQQ/dXJuOmFkc2sud2lwcHJvZDpkbS5saW5lYWdlOlh4SzhZNFhHVEN5WDNPT29yLUd3WlE/viewer?version=1&commentId=urn:adsk.comments:social.comment:da9a66e0dff441009ea525dc99685e0f&showComments=1&guid=6882be48-6626-5238-d3df-94e9f0a0019d | H41: =IFERROR(__xludf.DUMMYFUNCTION("""COMPUTED_VALUE"""),"Outros") -> Outros
A42: =IFERROR(__xludf.DUMMYFUNCTION("""COMPUTED_VALUE"""),"2ºPav.-Sala de Duto - CM2.4") -> 2ºPav.-Sala de Duto - CM2.4 | B42: =IFERROR(__xludf.DUMMYFUNCTION("""COMPUTED_VALUE"""),"2ºPav.") -> 2ºPav. | C42: =IFERROR(__xludf.DUMMYFUNCTION("""COMPUTED_VALUE"""),"Sala de Duto - CM2.4") -> Sala de Duto - CM2.4 | D42: =IFERROR(__xludf.DUMMYFUNCTION("""COMPUTED_VALUE"""),"2ºPav.") -> 2ºPav. | E42: =IFERROR(__xludf.DUMMYFUNCTION("""COMPUTED_VALUE"""),"B") -> B | F42: =IFERROR(__xludf.DUMMYFUNCTION("""COMPUTED_VALUE"""),5.0) -> 5 | G42: =IFERROR(__xludf.DUMMYFUNCTION("""COMPUTED_VALUE"""),"https://myhub.autodesk360.com/ue29d95bb/g/projects/20210514412106331/data/dXJuOmFkc2sud2lwcHJvZDpmcy5mb2xkZXI6Y28ucU04eGNtQzdReXliS0NURmJQYUFTQQ/dXJuOmFkc2sud2lwcHJvZDpkbS5saW5lYWdlOlh4SzhZNFhHVEN5WDNPT29yLUd3WlE/viewer?version=1&commentId=urn:adsk.commen"&"ts:social.comment:0086b26a3b714780af457cfa039d6d85&showComments=1&guid=6882be48-6626-5238-d3df-94e9f0a0019d") -> https://myhub.autodesk360.com/ue29d95bb/g/projects/20210514412106331/data/dXJuOmFkc2sud2lwcHJvZDpmcy5mb2xkZXI6Y28ucU04eGNtQzdReXliS0NURmJQYUFTQQ/dXJuOmFkc2sud2lwcHJvZDpkbS5saW5lYWdlOlh4SzhZNFhHVEN5WDNPT29yLUd3WlE/viewer?version=1&commentId=urn:adsk.comments:social.comment:0086b26a3b714780af457cfa039d6d85&showComments=1&guid=6882be48-6626-5238-d3df-94e9f0a0019d | H42: =IFERROR(__xludf.DUMMYFUNCTION("""COMPUTED_VALUE"""),"Sala Máquina") -> Sala Máquina | I42: =IFERROR(__xludf.DUMMYFUNCTION("""COMPUTED_VALUE"""),"https://photos.google.com/search/2%C2%BAPav.-Sala%20de%20Duto%20-%20CM2.4") -> https://photos.google.com/search/2%C2%BAPav.-Sala%20de%20Duto%20-%20CM2.4
A43: =IFERROR(__xludf.DUMMYFUNCTION("""COMPUTED_VALUE"""),"2ºPav.-Sala de Procedimentos") -> 2ºPav.-Sala de Procedimentos | B43: =IFERROR(__xludf.DUMMYFUNCTION("""COMPUTED_VALUE"""),"2ºPav.") -> 2ºPav. | C43: =IFERROR(__xludf.DUMMYFUNCTION("""COMPUTED_VALUE"""),"Sala de Procedimentos") -> Sala de Procedimentos | D43: =IFERROR(__xludf.DUMMYFUNCTION("""COMPUTED_VALUE"""),"2ºPav.") -> 2ºPav. | E43: =IFERROR(__xludf.DUMMYFUNCTION("""COMPUTED_VALUE"""),"A") -> A | F43: =IFERROR(__xludf.DUMMYFUNCTION("""COMPUTED_VALUE"""),66.0) -> 66 | G43: =IFERROR(__xludf.DUMMYFUNCTION("""COMPUTED_VALUE"""),"https://myhub.autodesk360.com/ue29d95bb/g/projects/20210514412106331/data/dXJuOmFkc2sud2lwcHJvZDpmcy5mb2xkZXI6Y28ucU04eGNtQzdReXliS0NURmJQYUFTQQ/dXJuOmFkc2sud2lwcHJvZDpkbS5saW5lYWdlOlh4SzhZNFhHVEN5WDNPT29yLUd3WlE/viewer?version=1&commentId=urn:adsk.commen"&"ts:social.comment:8e76595fb45d4f6b89996f60c3ceb696&showComments=1&guid=6882be48-6626-5238-d3df-94e9f0a0019d") -> https://myhub.autodesk360.com/ue29d95bb/g/projects/20210514412106331/data/dXJuOmFkc2sud2lwcHJvZDpmcy5mb2xkZXI6Y28ucU04eGNtQzdReXliS0NURmJQYUFTQQ/dXJuOmFkc2sud2lwcHJvZDpkbS5saW5lYWdlOlh4SzhZNFhHVEN5WDNPT29yLUd3WlE/viewer?version=1&commentId=urn:adsk.comments:social.comment:8e76595fb45d4f6b89996f60c3ceb696&showComments=1&guid=6882be48-6626-5238-d3df-94e9f0a0019d | H43: =IFERROR(__xludf.DUMMYFUNCTION("""COMPUTED_VALUE"""),"Outros") -> Outros
A44: =IFERROR(__xludf.DUMMYFUNCTION("""COMPUTED_VALUE"""),"2ºPav.-Sala de Reuniões") -> 2ºPav.-Sala de Reuniões | B44: =IFERROR(__xludf.DUMMYFUNCTION("""COMPUTED_VALUE"""),"2ºPav.") -> 2ºPav. | C44: =IFERROR(__xludf.DUMMYFUNCTION("""COMPUTED_VALUE"""),"Sala de Reuniões") -> Sala de Reuniões | D44: =IFERROR(__xludf.DUMMYFUNCTION("""COMPUTED_VALUE"""),"2ºPav.") -> 2ºPav. | E44: =IFERROR(__xludf.DUMMYFUNCTION("""COMPUTED_VALUE"""),"A") -> A | G44: =IFERROR(__xludf.DUMMYFUNCTION("""COMPUTED_VALUE"""),"https://myhub.autodesk360.com/ue29d95bb/g/projects/20210514412106331/data/dXJuOmFkc2sud2lwcHJvZDpmcy5mb2xkZXI6Y28ucU04eGNtQzdReXliS0NURmJQYUFTQQ/dXJuOmFkc2sud2lwcHJvZDpkbS5saW5lYWdlOlh4SzhZNFhHVEN5WDNPT29yLUd3WlE/viewer?version=1&commentId=urn:adsk.commen"&"ts:social.comment:24c0bdb37c184ba5b47fb606eee9c426&showComments=1&guid=6882be48-6626-5238-d3df-94e9f0a0019d") -> https://myhub.autodesk360.com/ue29d95bb/g/projects/20210514412106331/data/dXJuOmFkc2sud2lwcHJvZDpmcy5mb2xkZXI6Y28ucU04eGNtQzdReXliS0NURmJQYUFTQQ/dXJuOmFkc2sud2lwcHJvZDpkbS5saW5lYWdlOlh4SzhZNFhHVEN5WDNPT29yLUd3WlE/viewer?version=1&commentId=urn:adsk.comments:social.comment:24c0bdb37c184ba5b47fb606eee9c426&showComments=1&guid=6882be48-6626-5238-d3df-94e9f0a0019d | H44: =IFERROR(__xludf.DUMMYFUNCTION("""COMPUTED_VALUE"""),"Outros") -> Outros | I44: =IFERROR(__xludf.DUMMYFUNCTION("""COMPUTED_VALUE"""),"https://photos.google.com/search/2%C2%BAPav.-Sala%20de%20Reuni%C3%B5es") -> https://photos.google.com/search/2%C2%BAPav.-Sala%20de%20Reuni%C3%B5es
A45: =IFERROR(__xludf.DUMMYFUNCTION("""COMPUTED_VALUE"""),"2ºPav.-Sala de Utilidades") -> 2ºPav.-Sala de Utilidades | B45: =IFERROR(__xludf.DUMMYFUNCTION("""COMPUTED_VALUE"""),"2ºPav.") -> 2ºPav. | C45: =IFERROR(__xludf.DUMMYFUNCTION("""COMPUTED_VALUE"""),"Sala de Utilidades") -> Sala de Utilidades | D45: =IFERROR(__xludf.DUMMYFUNCTION("""COMPUTED_VALUE"""),"2ºPav.") -> 2ºPav. | E45: =IFERROR(__xludf.DUMMYFUNCTION("""COMPUTED_VALUE"""),"B") -> B | G45: =IFERROR(__xludf.DUMMYFUNCTION("""COMPUTED_VALUE"""),"https://myhub.autodesk360.com/ue29d95bb/g/projects/20210514412106331/data/dXJuOmFkc2sud2lwcHJvZDpmcy5mb2xkZXI6Y28ucU04eGNtQzdReXliS0NURmJQYUFTQQ/dXJuOmFkc2sud2lwcHJvZDpkbS5saW5lYWdlOlh4SzhZNFhHVEN5WDNPT29yLUd3WlE/viewer?version=1&commentId=urn:adsk.commen"&"ts:social.comment:226c5d2ecd814695b969d78e600b7ea3&showComments=1&guid=6882be48-6626-5238-d3df-94e9f0a0019d") -> https://myhub.autodesk360.com/ue29d95bb/g/projects/20210514412106331/data/dXJuOmFkc2sud2lwcHJvZDpmcy5mb2xkZXI6Y28ucU04eGNtQzdReXliS0NURmJQYUFTQQ/dXJuOmFkc2sud2lwcHJvZDpkbS5saW5lYWdlOlh4SzhZNFhHVEN5WDNPT29yLUd3WlE/viewer?version=1&commentId=urn:adsk.comments:social.comment:226c5d2ecd814695b969d78e600b7ea3&showComments=1&guid=6882be48-6626-5238-d3df-94e9f0a0019d | H45: =IFERROR(__xludf.DUMMYFUNCTION("""COMPUTED_VALUE"""),"Outros") -> Outros
A46: =IFERROR(__xludf.DUMMYFUNCTION("""COMPUTED_VALUE"""),"2ºPav.-Sala Elétrica QDG2 - Rack CC - 03 - TI") -> 2ºPav.-Sala Elétrica QDG2 - Rack CC - 03 - TI | B46: =IFERROR(__xludf.DUMMYFUNCTION("""COMPUTED_VALUE"""),"2ºPav.") -> 2ºPav. | C46: =IFERROR(__xludf.DUMMYFUNCTION("""COMPUTED_VALUE"""),"Sala Elétrica QDG2 - Rack CC - 03 - TI") -> Sala Elétrica QDG2 - Rack CC - 03 - TI | D46: =IFERROR(__xludf.DUMMYFUNCTION("""COMPUTED_VALUE"""),"2ºPav.") -> 2ºPav. | E46: =IFERROR(__xludf.DUMMYFUNCTION("""COMPUTED_VALUE"""),"B") -> B | F46: =IFERROR(__xludf.DUMMYFUNCTION("""COMPUTED_VALUE"""),2.0) -> 2 | G46: =IFERROR(__xludf.DUMMYFUNCTION("""COMPUTED_VALUE"""),"https://myhub.autodesk360.com/ue29d95bb/g/projects/20210514412106331/data/dXJuOmFkc2sud2lwcHJvZDpmcy5mb2xkZXI6Y28ucU04eGNtQzdReXliS0NURmJQYUFTQQ/dXJuOmFkc2sud2lwcHJvZDpkbS5saW5lYWdlOlh4SzhZNFhHVEN5WDNPT29yLUd3WlE/viewer?version=1&commentId=urn:adsk.commen"&"ts:social.comment:38de5a7eef1848e697e4843a379d27d8&showComments=1&guid=6882be48-6626-5238-d3df-94e9f0a0019d") -> https://myhub.autodesk360.com/ue29d95bb/g/projects/20210514412106331/data/dXJuOmFkc2sud2lwcHJvZDpmcy5mb2xkZXI6Y28ucU04eGNtQzdReXliS0NURmJQYUFTQQ/dXJuOmFkc2sud2lwcHJvZDpkbS5saW5lYWdlOlh4SzhZNFhHVEN5WDNPT29yLUd3WlE/viewer?version=1&commentId=urn:adsk.comments:social.comment:38de5a7eef1848e697e4843a379d27d8&showComments=1&guid=6882be48-6626-5238-d3df-94e9f0a0019d | H46: =IFERROR(__xludf.DUMMYFUNCTION("""COMPUTED_VALUE"""),"Sala Elétrica") -> Sala Elétrica | I46: =IFERROR(__xludf.DUMMYFUNCTION("""COMPUTED_VALUE"""),"https://photos.google.com/search/2%C2%BAPav.-Sala%20El%C3%A9trica%20QDG2%20-%20Rack%20CC%20-%20TI") -> https://photos.google.com/search/2%C2%BAPav.-Sala%20El%C3%A9trica%20QDG2%20-%20Rack%20CC%20-%20TI
A47: =IFERROR(__xludf.DUMMYFUNCTION("""COMPUTED_VALUE"""),"2ºPav.-Sala Espera Pacientes") -> 2ºPav.-Sala Espera Pacientes | B47: =IFERROR(__xludf.DUMMYFUNCTION("""COMPUTED_VALUE"""),"2ºPav.") -> 2ºPav. | C47: =IFERROR(__xludf.DUMMYFUNCTION("""COMPUTED_VALUE"""),"Sala Espera Pacientes") -> Sala Espera Pacientes | D47: =IFERROR(__xludf.DUMMYFUNCTION("""COMPUTED_VALUE"""),"2ºPav.") -> 2ºPav. | E47: =IFERROR(__xludf.DUMMYFUNCTION("""COMPUTED_VALUE"""),"A") -> A | G47: =IFERROR(__xludf.DUMMYFUNCTION("""COMPUTED_VALUE"""),"https://myhub.autodesk360.com/ue29d95bb/g/projects/20210514412106331/data/dXJuOmFkc2sud2lwcHJvZDpmcy5mb2xkZXI6Y28ucU04eGNtQzdReXliS0NURmJQYUFTQQ/dXJuOmFkc2sud2lwcHJvZDpkbS5saW5lYWdlOlh4SzhZNFhHVEN5WDNPT29yLUd3WlE/viewer?version=1&commentId=urn:adsk.commen"&"ts:social.comment:02f3281f0bea49678d42e23673a35a02&showComments=1&guid=6882be48-6626-5238-d3df-94e9f0a0019d") -> https://myhub.autodesk360.com/ue29d95bb/g/projects/20210514412106331/data/dXJuOmFkc2sud2lwcHJvZDpmcy5mb2xkZXI6Y28ucU04eGNtQzdReXliS0NURmJQYUFTQQ/dXJuOmFkc2sud2lwcHJvZDpkbS5saW5lYWdlOlh4SzhZNFhHVEN5WDNPT29yLUd3WlE/viewer?version=1&commentId=urn:adsk.comments:social.comment:02f3281f0bea49678d42e23673a35a02&showComments=1&guid=6882be48-6626-5238-d3df-94e9f0a0019d | H47: =IFERROR(__xludf.DUMMYFUNCTION("""COMPUTED_VALUE"""),"Outros") -> Outros
A48: =IFERROR(__xludf.DUMMYFUNCTION("""COMPUTED_VALUE"""),"2ºPav.-Sala Geradores") -> 2ºPav.-Sala Geradores | B48: =IFERROR(__xludf.DUMMYFUNCTION("""COMPUTED_VALUE"""),"2ºPav.") -> 2ºPav. | C48: =IFERROR(__xludf.DUMMYFUNCTION("""COMPUTED_VALUE"""),"Sala Geradores") -> Sala Geradores | D48: =IFERROR(__xludf.DUMMYFUNCTION("""COMPUTED_VALUE"""),"2ºPav.") -> 2ºPav. | E48: =IFERROR(__xludf.DUMMYFUNCTION("""COMPUTED_VALUE"""),"B") -> B | F48: =IFERROR(__xludf.DUMMYFUNCTION("""COMPUTED_VALUE"""),4.0) -> 4 | G48: =IFERROR(__xludf.DUMMYFUNCTION("""COMPUTED_VALUE"""),"https://myhub.autodesk360.com/ue29d95bb/g/projects/20210514412106331/data/dXJuOmFkc2sud2lwcHJvZDpmcy5mb2xkZXI6Y28ucU04eGNtQzdReXliS0NURmJQYUFTQQ/dXJuOmFkc2sud2lwcHJvZDpkbS5saW5lYWdlOlh4SzhZNFhHVEN5WDNPT29yLUd3WlE/viewer?version=1&commentId=urn:adsk.commen"&"ts:social.comment:a9b82bd8b4fc4428baab5e25ee4c96f8&showComments=1&guid=6882be48-6626-5238-d3df-94e9f0a0019d") -> https://myhub.autodesk360.com/ue29d95bb/g/projects/20210514412106331/data/dXJuOmFkc2sud2lwcHJvZDpmcy5mb2xkZXI6Y28ucU04eGNtQzdReXliS0NURmJQYUFTQQ/dXJuOmFkc2sud2lwcHJvZDpkbS5saW5lYWdlOlh4SzhZNFhHVEN5WDNPT29yLUd3WlE/viewer?version=1&commentId=urn:adsk.comments:social.comment:a9b82bd8b4fc4428baab5e25ee4c96f8&showComments=1&guid=6882be48-6626-5238-d3df-94e9f0a0019d | H48: =IFERROR(__xludf.DUMMYFUNCTION("""COMPUTED_VALUE"""),"Sala Elétrica") -> Sala Elétrica
A49: =IFERROR(__xludf.DUMMYFUNCTION("""COMPUTED_VALUE"""),"2ºPav.-Sala para Espera Paciente Maca") -> 2ºPav.-Sala para Espera Paciente Maca | B49: =IFERROR(__xludf.DUMMYFUNCTION("""COMPUTED_VALUE"""),"2ºPav.") -> 2ºPav. | C49: =IFERROR(__xludf.DUMMYFUNCTION("""COMPUTED_VALUE"""),"Sala para Espera Paciente Maca") -> Sala para Espera Paciente Maca | D49: =IFERROR(__xludf.DUMMYFUNCTION("""COMPUTED_VALUE"""),"2ºPav.") -> 2ºPav. | E49: =IFERROR(__xludf.DUMMYFUNCTION("""COMPUTED_VALUE"""),"B") -> B | G49: =IFERROR(__xludf.DUMMYFUNCTION("""COMPUTED_VALUE"""),"https://myhub.autodesk360.com/ue29d95bb/g/projects/20210514412106331/data/dXJuOmFkc2sud2lwcHJvZDpmcy5mb2xkZXI6Y28ucU04eGNtQzdReXliS0NURmJQYUFTQQ/dXJuOmFkc2sud2lwcHJvZDpkbS5saW5lYWdlOlh4SzhZNFhHVEN5WDNPT29yLUd3WlE/viewer?version=1&commentId=urn:adsk.commen"&"ts:social.comment:3b39ec8c0f2b4a93b7c9fe0e8ad6a1b2&showComments=1&guid=6882be48-6626-5238-d3df-94e9f0a0019d") -> https://myhub.autodesk360.com/ue29d95bb/g/projects/20210514412106331/data/dXJuOmFkc2sud2lwcHJvZDpmcy5mb2xkZXI6Y28ucU04eGNtQzdReXliS0NURmJQYUFTQQ/dXJuOmFkc2sud2lwcHJvZDpkbS5saW5lYWdlOlh4SzhZNFhHVEN5WDNPT29yLUd3WlE/viewer?version=1&commentId=urn:adsk.comments:social.comment:3b39ec8c0f2b4a93b7c9fe0e8ad6a1b2&showComments=1&guid=6882be48-6626-5238-d3df-94e9f0a0019d | H49: =IFERROR(__xludf.DUMMYFUNCTION("""COMPUTED_VALUE"""),"Outros") -> Outros | I49: =IFERROR(__xludf.DUMMYFUNCTION("""COMPUTED_VALUE"""),"https://photos.google.com/search/2%C2%BAPav.-Sala%20para%20Espera%20Paciente%20Maca") -> https://photos.google.com/search/2%C2%BAPav.-Sala%20para%20Espera%20Paciente%20Maca
A50: =IFERROR(__xludf.DUMMYFUNCTION("""COMPUTED_VALUE"""),"2ºPav.-Sala Rack DD - 04 - TI") -> 2ºPav.-Sala Rack DD - 04 - TI | B50: =IFERROR(__xludf.DUMMYFUNCTION("""COMPUTED_VALUE"""),"2ºPav.") -> 2ºPav. | C50: =IFERROR(__xludf.DUMMYFUNCTION("""COMPUTED_VALUE"""),"Sala Rack DD - 04 - TI") -> Sala Rack DD - 04 - TI | D50: =IFERROR(__xludf.DUMMYFUNCTION("""COMPUTED_VALUE"""),"2ºPav.") -> 2ºPav. | E50: =IFERROR(__xludf.DUMMYFUNCTION("""COMPUTED_VALUE"""),"A") -> A | G50: =IFERROR(__xludf.DUMMYFUNCTION("""COMPUTED_VALUE"""),"https://myhub.autodesk360.com/ue29d95bb/g/projects/20210514412106331/data/dXJuOmFkc2sud2lwcHJvZDpmcy5mb2xkZXI6Y28ucU04eGNtQzdReXliS0NURmJQYUFTQQ/dXJuOmFkc2sud2lwcHJvZDpkbS5saW5lYWdlOlh4SzhZNFhHVEN5WDNPT29yLUd3WlE/viewer?version=1&commentId=urn:adsk.commen"&"ts:social.comment:7649ca4e8e884efda90d9421f9bc03cd&showComments=1&guid=6882be48-6626-5238-d3df-94e9f0a0019d") -> https://myhub.autodesk360.com/ue29d95bb/g/projects/20210514412106331/data/dXJuOmFkc2sud2lwcHJvZDpmcy5mb2xkZXI6Y28ucU04eGNtQzdReXliS0NURmJQYUFTQQ/dXJuOmFkc2sud2lwcHJvZDpkbS5saW5lYWdlOlh4SzhZNFhHVEN5WDNPT29yLUd3WlE/viewer?version=1&commentId=urn:adsk.comments:social.comment:7649ca4e8e884efda90d9421f9bc03cd&showComments=1&guid=6882be48-6626-5238-d3df-94e9f0a0019d | H50: =IFERROR(__xludf.DUMMYFUNCTION("""COMPUTED_VALUE"""),"Sala Elétrica") -> Sala Elétrica | I50: =IFERROR(__xludf.DUMMYFUNCTION("""COMPUTED_VALUE"""),"https://photos.google.com/search/2%C2%BAPav.-Sala%20Rack%20DD%20-%20TI") -> https://photos.google.com/search/2%C2%BAPav.-Sala%20Rack%20DD%20-%20TI
A51: =IFERROR(__xludf.DUMMYFUNCTION("""COMPUTED_VALUE"""),"2ºPav.-Sala Tubo Pneumático") -> 2ºPav.-Sala Tubo Pneumático | B51: =IFERROR(__xludf.DUMMYFUNCTION("""COMPUTED_VALUE"""),"2ºPav.") -> 2ºPav. | C51: =IFERROR(__xludf.DUMMYFUNCTION("""COMPUTED_VALUE"""),"Sala Tubo Pneumático") -> Sala Tubo Pneumático | D51: =IFERROR(__xludf.DUMMYFUNCTION("""COMPUTED_VALUE"""),"2ºPav.") -> 2ºPav. | E51: =IFERROR(__xludf.DUMMYFUNCTION("""COMPUTED_VALUE"""),"A") -> A | G51: =IFERROR(__xludf.DUMMYFUNCTION("""COMPUTED_VALUE"""),"https://myhub.autodesk360.com/ue29d95bb/g/projects/20210514412106331/data/dXJuOmFkc2sud2lwcHJvZDpmcy5mb2xkZXI6Y28ucU04eGNtQzdReXliS0NURmJQYUFTQQ/dXJuOmFkc2sud2lwcHJvZDpkbS5saW5lYWdlOlh4SzhZNFhHVEN5WDNPT29yLUd3WlE/viewer?version=1&commentId=urn:adsk.commen"&"ts:social.comment:38b6eabaf89648bd82451f8658809d73&showComments=1&guid=6882be48-6626-5238-d3df-94e9f0a0019d") -> https://myhub.autodesk360.com/ue29d95bb/g/projects/20210514412106331/data/dXJuOmFkc2sud2lwcHJvZDpmcy5mb2xkZXI6Y28ucU04eGNtQzdReXliS0NURmJQYUFTQQ/dXJuOmFkc2sud2lwcHJvZDpkbS5saW5lYWdlOlh4SzhZNFhHVEN5WDNPT29yLUd3WlE/viewer?version=1&commentId=urn:adsk.comments:social.comment:38b6eabaf89648bd82451f8658809d73&showComments=1&guid=6882be48-6626-5238-d3df-94e9f0a0019d | H51: =IFERROR(__xludf.DUMMYFUNCTION("""COMPUTED_VALUE"""),"Outros") -> Outros | I51: =IFERROR(__xludf.DUMMYFUNCTION("""COMPUTED_VALUE"""),"https://photos.google.com/search/2%C2%BAPav.-Sala%20Tubo%20Pneum%C3%A1tico") -> https://photos.google.com/search/2%C2%BAPav.-Sala%20Tubo%20Pneum%C3%A1tico
A52: =IFERROR(__xludf.DUMMYFUNCTION("""COMPUTED_VALUE"""),"2ºPav.-Sanitário Funcionários Feminino") -> 2ºPav.-Sanitário Funcionários Feminino | B52: =IFERROR(__xludf.DUMMYFUNCTION("""COMPUTED_VALUE"""),"2ºPav.") -> 2ºPav. | C52: =IFERROR(__xludf.DUMMYFUNCTION("""COMPUTED_VALUE"""),"Sanitário Funcionários Feminino") -> Sanitário Funcionários Feminino | D52: =IFERROR(__xludf.DUMMYFUNCTION("""COMPUTED_VALUE"""),"2ºPav.") -> 2ºPav. | E52: =IFERROR(__xludf.DUMMYFUNCTION("""COMPUTED_VALUE"""),"B") -> B | G52: =IFERROR(__xludf.DUMMYFUNCTION("""COMPUTED_VALUE"""),"https://myhub.autodesk360.com/ue29d95bb/g/projects/20210514412106331/data/dXJuOmFkc2sud2lwcHJvZDpmcy5mb2xkZXI6Y28ucU04eGNtQzdReXliS0NURmJQYUFTQQ/dXJuOmFkc2sud2lwcHJvZDpkbS5saW5lYWdlOlh4SzhZNFhHVEN5WDNPT29yLUd3WlE/viewer?version=1&commentId=urn:adsk.commen"&"ts:social.comment:571368bb4eb04125b723d3a616ba9ba9&showComments=1&guid=6882be48-6626-5238-d3df-94e9f0a0019d") -> https://myhub.autodesk360.com/ue29d95bb/g/projects/20210514412106331/data/dXJuOmFkc2sud2lwcHJvZDpmcy5mb2xkZXI6Y28ucU04eGNtQzdReXliS0NURmJQYUFTQQ/dXJuOmFkc2sud2lwcHJvZDpkbS5saW5lYWdlOlh4SzhZNFhHVEN5WDNPT29yLUd3WlE/viewer?version=1&commentId=urn:adsk.comments:social.comment:571368bb4eb04125b723d3a616ba9ba9&showComments=1&guid=6882be48-6626-5238-d3df-94e9f0a0019d | H52: =IFERROR(__xludf.DUMMYFUNCTION("""COMPUTED_VALUE"""),"Sanitário") -> Sanitário
A53: =IFERROR(__xludf.DUMMYFUNCTION("""COMPUTED_VALUE"""),"2ºPav.-Sanitário Funcionários Masculino") -> 2ºPav.-Sanitário Funcionários Masculino | B53: =IFERROR(__xludf.DUMMYFUNCTION("""COMPUTED_VALUE"""),"2ºPav.") -> 2ºPav. | C53: =IFERROR(__xludf.DUMMYFUNCTION("""COMPUTED_VALUE"""),"Sanitário Funcionários Masculino") -> Sanitário Funcionários Masculino | D53: =IFERROR(__xludf.DUMMYFUNCTION("""COMPUTED_VALUE"""),"2ºPav.") -> 2ºPav. | E53: =IFERROR(__xludf.DUMMYFUNCTION("""COMPUTED_VALUE"""),"B") -> B | G53: =IFERROR(__xludf.DUMMYFUNCTION("""COMPUTED_VALUE"""),"https://myhub.autodesk360.com/ue29d95bb/g/projects/20210514412106331/data/dXJuOmFkc2sud2lwcHJvZDpmcy5mb2xkZXI6Y28ucU04eGNtQzdReXliS0NURmJQYUFTQQ/dXJuOmFkc2sud2lwcHJvZDpkbS5saW5lYWdlOlh4SzhZNFhHVEN5WDNPT29yLUd3WlE/viewer?version=1&commentId=urn:adsk.commen"&"ts:social.comment:deed020b679c435b80d4c6d766c47bf1&showComments=1&guid=6882be48-6626-5238-d3df-94e9f0a0019d") -> https://myhub.autodesk360.com/ue29d95bb/g/projects/20210514412106331/data/dXJuOmFkc2sud2lwcHJvZDpmcy5mb2xkZXI6Y28ucU04eGNtQzdReXliS0NURmJQYUFTQQ/dXJuOmFkc2sud2lwcHJvZDpkbS5saW5lYWdlOlh4SzhZNFhHVEN5WDNPT29yLUd3WlE/viewer?version=1&commentId=urn:adsk.comments:social.comment:deed020b679c435b80d4c6d766c47bf1&showComments=1&guid=6882be48-6626-5238-d3df-94e9f0a0019d | H53: =IFERROR(__xludf.DUMMYFUNCTION("""COMPUTED_VALUE"""),"Sanitário") -> Sanitário
A54: =IFERROR(__xludf.DUMMYFUNCTION("""COMPUTED_VALUE"""),"2ºPav.-Sanitário Paciente PCD Feminino") -> 2ºPav.-Sanitário Paciente PCD Feminino | B54: =IFERROR(__xludf.DUMMYFUNCTION("""COMPUTED_VALUE"""),"2ºPav.") -> 2ºPav. | C54: =IFERROR(__xludf.DUMMYFUNCTION("""COMPUTED_VALUE"""),"Sanitário Paciente PCD Feminino") -> Sanitário Paciente PCD Feminino | D54: =IFERROR(__xludf.DUMMYFUNCTION("""COMPUTED_VALUE"""),"2ºPav.") -> 2ºPav. | E54: =IFERROR(__xludf.DUMMYFUNCTION("""COMPUTED_VALUE"""),"A") -> A | G54: =IFERROR(__xludf.DUMMYFUNCTION("""COMPUTED_VALUE"""),"https://myhub.autodesk360.com/ue29d95bb/g/projects/20210514412106331/data/dXJuOmFkc2sud2lwcHJvZDpmcy5mb2xkZXI6Y28ucU04eGNtQzdReXliS0NURmJQYUFTQQ/dXJuOmFkc2sud2lwcHJvZDpkbS5saW5lYWdlOlh4SzhZNFhHVEN5WDNPT29yLUd3WlE/viewer?version=1&commentId=urn:adsk.commen"&"ts:social.comment:643bccc6b5cf4819a51a488e7ef786fc&showComments=1&guid=6882be48-6626-5238-d3df-94e9f0a0019d") -> https://myhub.autodesk360.com/ue29d95bb/g/projects/20210514412106331/data/dXJuOmFkc2sud2lwcHJvZDpmcy5mb2xkZXI6Y28ucU04eGNtQzdReXliS0NURmJQYUFTQQ/dXJuOmFkc2sud2lwcHJvZDpkbS5saW5lYWdlOlh4SzhZNFhHVEN5WDNPT29yLUd3WlE/viewer?version=1&commentId=urn:adsk.comments:social.comment:643bccc6b5cf4819a51a488e7ef786fc&showComments=1&guid=6882be48-6626-5238-d3df-94e9f0a0019d | H54: =IFERROR(__xludf.DUMMYFUNCTION("""COMPUTED_VALUE"""),"Sanitário") -> Sanitário
A55: =IFERROR(__xludf.DUMMYFUNCTION("""COMPUTED_VALUE"""),"2ºPav.-Sanitário Paciente PCD Feminino 2") -> 2ºPav.-Sanitário Paciente PCD Feminino 2 | B55: =IFERROR(__xludf.DUMMYFUNCTION("""COMPUTED_VALUE"""),"2ºPav.") -> 2ºPav. | C55: =IFERROR(__xludf.DUMMYFUNCTION("""COMPUTED_VALUE"""),"Sanitário Paciente PCD Feminino 2") -> Sanitário Paciente PCD Feminino 2 | D55: =IFERROR(__xludf.DUMMYFUNCTION("""COMPUTED_VALUE"""),"2ºPav.") -> 2ºPav. | E55: =IFERROR(__xludf.DUMMYFUNCTION("""COMPUTED_VALUE"""),"A") -> A | G55: =IFERROR(__xludf.DUMMYFUNCTION("""COMPUTED_VALUE"""),"https://myhub.autodesk360.com/ue29d95bb/g/projects/20210514412106331/data/dXJuOmFkc2sud2lwcHJvZDpmcy5mb2xkZXI6Y28ucU04eGNtQzdReXliS0NURmJQYUFTQQ/dXJuOmFkc2sud2lwcHJvZDpkbS5saW5lYWdlOlh4SzhZNFhHVEN5WDNPT29yLUd3WlE/viewer?version=1&showComments=1&guid=6882b"&"e48-6626-5238-d3df-94e9f0a0019d&commentId=urn:adsk.comments:social.comment:7e1a774a3f424fada2bc0848b870fd72") -> https://myhub.autodesk360.com/ue29d95bb/g/projects/20210514412106331/data/dXJuOmFkc2sud2lwcHJvZDpmcy5mb2xkZXI6Y28ucU04eGNtQzdReXliS0NURmJQYUFTQQ/dXJuOmFkc2sud2lwcHJvZDpkbS5saW5lYWdlOlh4SzhZNFhHVEN5WDNPT29yLUd3WlE/viewer?version=1&showComments=1&guid=6882be48-6626-5238-d3df-94e9f0a0019d&commentId=urn:adsk.comments:social.comment:7e1a774a3f424fada2bc0848b870fd72 | H55: =IFERROR(__xludf.DUMMYFUNCTION("""COMPUTED_VALUE"""),"Sanitário") -> Sanitário
A56: =IFERROR(__xludf.DUMMYFUNCTION("""COMPUTED_VALUE"""),"2ºPav.-Sanitário Paciente PCD Feminino 3") -> 2ºPav.-Sanitário Paciente PCD Feminino 3 | B56: =IFERROR(__xludf.DUMMYFUNCTION("""COMPUTED_VALUE"""),"2ºPav.") -> 2ºPav. | C56: =IFERROR(__xludf.DUMMYFUNCTION("""COMPUTED_VALUE"""),"Sanitário Paciente PCD Feminino 3") -> Sanitário Paciente PCD Feminino 3 | D56: =IFERROR(__xludf.DUMMYFUNCTION("""COMPUTED_VALUE"""),"2ºPav.") -> 2ºPav. | E56: =IFERROR(__xludf.DUMMYFUNCTION("""COMPUTED_VALUE"""),"A") -> A | G56: =IFERROR(__xludf.DUMMYFUNCTION("""COMPUTED_VALUE"""),"https://myhub.autodesk360.com/ue29d95bb/g/projects/20210514412106331/data/dXJuOmFkc2sud2lwcHJvZDpmcy5mb2xkZXI6Y28ucU04eGNtQzdReXliS0NURmJQYUFTQQ/dXJuOmFkc2sud2lwcHJvZDpkbS5saW5lYWdlOlh4SzhZNFhHVEN5WDNPT29yLUd3WlE/viewer?version=1&commentId=urn:adsk.commen"&"ts:social.comment:8206b7d9ab114dbdb1ff6d03b45af280&showComments=1&guid=6882be48-6626-5238-d3df-94e9f0a0019d") -> https://myhub.autodesk360.com/ue29d95bb/g/projects/20210514412106331/data/dXJuOmFkc2sud2lwcHJvZDpmcy5mb2xkZXI6Y28ucU04eGNtQzdReXliS0NURmJQYUFTQQ/dXJuOmFkc2sud2lwcHJvZDpkbS5saW5lYWdlOlh4SzhZNFhHVEN5WDNPT29yLUd3WlE/viewer?version=1&commentId=urn:adsk.comments:social.comment:8206b7d9ab114dbdb1ff6d03b45af280&showComments=1&guid=6882be48-6626-5238-d3df-94e9f0a0019d | H56: =IFERROR(__xludf.DUMMYFUNCTION("""COMPUTED_VALUE"""),"Sanitário") -> Sanitário
A57: =IFERROR(__xludf.DUMMYFUNCTION("""COMPUTED_VALUE"""),"2ºPav.-Sanitário Paciente PCD Feminino 4") -> 2ºPav.-Sanitário Paciente PCD Feminino 4 | B57: =IFERROR(__xludf.DUMMYFUNCTION("""COMPUTED_VALUE"""),"2ºPav.") -> 2ºPav. | C57: =IFERROR(__xludf.DUMMYFUNCTION("""COMPUTED_VALUE"""),"Sanitário Paciente PCD Feminino 4") -> Sanitário Paciente PCD Feminino 4 | D57: =IFERROR(__xludf.DUMMYFUNCTION("""COMPUTED_VALUE"""),"2ºPav.") -> 2ºPav. | E57: =IFERROR(__xludf.DUMMYFUNCTION("""COMPUTED_VALUE"""),"A") -> A | G57: =IFERROR(__xludf.DUMMYFUNCTION("""COMPUTED_VALUE"""),"https://myhub.autodesk360.com/ue29d95bb/g/projects/20210514412106331/data/dXJuOmFkc2sud2lwcHJvZDpmcy5mb2xkZXI6Y28ucU04eGNtQzdReXliS0NURmJQYUFTQQ/dXJuOmFkc2sud2lwcHJvZDpkbS5saW5lYWdlOlh4SzhZNFhHVEN5WDNPT29yLUd3WlE/viewer?version=1&commentId=urn:adsk.commen"&"ts:social.comment:95194671135143af896d32a26ceebc1a&showComments=1&guid=6882be48-6626-5238-d3df-94e9f0a0019d") -> https://myhub.autodesk360.com/ue29d95bb/g/projects/20210514412106331/data/dXJuOmFkc2sud2lwcHJvZDpmcy5mb2xkZXI6Y28ucU04eGNtQzdReXliS0NURmJQYUFTQQ/dXJuOmFkc2sud2lwcHJvZDpkbS5saW5lYWdlOlh4SzhZNFhHVEN5WDNPT29yLUd3WlE/viewer?version=1&commentId=urn:adsk.comments:social.comment:95194671135143af896d32a26ceebc1a&showComments=1&guid=6882be48-6626-5238-d3df-94e9f0a0019d | H57: =IFERROR(__xludf.DUMMYFUNCTION("""COMPUTED_VALUE"""),"Sanitário") -> Sanitário
A58: =IFERROR(__xludf.DUMMYFUNCTION("""COMPUTED_VALUE"""),"2ºPav.-Sanitário Paciente PCD Masculino") -> 2ºPav.-Sanitário Paciente PCD Masculino | B58: =IFERROR(__xludf.DUMMYFUNCTION("""COMPUTED_VALUE"""),"2ºPav.") -> 2ºPav. | C58: =IFERROR(__xludf.DUMMYFUNCTION("""COMPUTED_VALUE"""),"Sanitário Paciente PCD Masculino") -> Sanitário Paciente PCD Masculino | D58: =IFERROR(__xludf.DUMMYFUNCTION("""COMPUTED_VALUE"""),"2ºPav.") -> 2ºPav. | E58: =IFERROR(__xludf.DUMMYFUNCTION("""COMPUTED_VALUE"""),"A") -> A | G58: =IFERROR(__xludf.DUMMYFUNCTION("""COMPUTED_VALUE"""),"https://myhub.autodesk360.com/ue29d95bb/g/projects/20210514412106331/data/dXJuOmFkc2sud2lwcHJvZDpmcy5mb2xkZXI6Y28ucU04eGNtQzdReXliS0NURmJQYUFTQQ/dXJuOmFkc2sud2lwcHJvZDpkbS5saW5lYWdlOlh4SzhZNFhHVEN5WDNPT29yLUd3WlE/viewer?version=1&commentId=urn:adsk.commen"&"ts:social.comment:ae38a2bd969e4683a77286421aa35679&showComments=1&guid=6882be48-6626-5238-d3df-94e9f0a0019d") -> https://myhub.autodesk360.com/ue29d95bb/g/projects/20210514412106331/data/dXJuOmFkc2sud2lwcHJvZDpmcy5mb2xkZXI6Y28ucU04eGNtQzdReXliS0NURmJQYUFTQQ/dXJuOmFkc2sud2lwcHJvZDpkbS5saW5lYWdlOlh4SzhZNFhHVEN5WDNPT29yLUd3WlE/viewer?version=1&commentId=urn:adsk.comments:social.comment:ae38a2bd969e4683a77286421aa35679&showComments=1&guid=6882be48-6626-5238-d3df-94e9f0a0019d | H58: =IFERROR(__xludf.DUMMYFUNCTION("""COMPUTED_VALUE"""),"Sanitário") -> Sanitário
A59: =IFERROR(__xludf.DUMMYFUNCTION("""COMPUTED_VALUE"""),"2ºPav.-Sanitário Paciente PCD Masculino 2") -> 2ºPav.-Sanitário Paciente PCD Masculino 2 | B59: =IFERROR(__xludf.DUMMYFUNCTION("""COMPUTED_VALUE"""),"2ºPav.") -> 2ºPav. | C59: =IFERROR(__xludf.DUMMYFUNCTION("""COMPUTED_VALUE"""),"Sanitário Paciente PCD Masculino 2") -> Sanitário Paciente PCD Masculino 2 | D59: =IFERROR(__xludf.DUMMYFUNCTION("""COMPUTED_VALUE"""),"2ºPav.") -> 2ºPav. | E59: =IFERROR(__xludf.DUMMYFUNCTION("""COMPUTED_VALUE"""),"A") -> A | G59: =IFERROR(__xludf.DUMMYFUNCTION("""COMPUTED_VALUE"""),"https://myhub.autodesk360.com/ue29d95bb/g/projects/20210514412106331/data/dXJuOmFkc2sud2lwcHJvZDpmcy5mb2xkZXI6Y28ucU04eGNtQzdReXliS0NURmJQYUFTQQ/dXJuOmFkc2sud2lwcHJvZDpkbS5saW5lYWdlOlh4SzhZNFhHVEN5WDNPT29yLUd3WlE/viewer?version=1&commentId=urn:adsk.commen"&"ts:social.comment:24693add50fc40baa8a6f1d0d0da7c3d&showComments=1&guid=6882be48-6626-5238-d3df-94e9f0a0019d") -> https://myhub.autodesk360.com/ue29d95bb/g/projects/20210514412106331/data/dXJuOmFkc2sud2lwcHJvZDpmcy5mb2xkZXI6Y28ucU04eGNtQzdReXliS0NURmJQYUFTQQ/dXJuOmFkc2sud2lwcHJvZDpkbS5saW5lYWdlOlh4SzhZNFhHVEN5WDNPT29yLUd3WlE/viewer?version=1&commentId=urn:adsk.comments:social.comment:24693add50fc40baa8a6f1d0d0da7c3d&showComments=1&guid=6882be48-6626-5238-d3df-94e9f0a0019d | H59: =IFERROR(__xludf.DUMMYFUNCTION("""COMPUTED_VALUE"""),"Sanitário") -> Sanitário
A60: =IFERROR(__xludf.DUMMYFUNCTION("""COMPUTED_VALUE"""),"2ºPav.-Sanitário Paciente PCD Masculino 3") -> 2ºPav.-Sanitário Paciente PCD Masculino 3 | B60: =IFERROR(__xludf.DUMMYFUNCTION("""COMPUTED_VALUE"""),"2ºPav.") -> 2ºPav. | C60: =IFERROR(__xludf.DUMMYFUNCTION("""COMPUTED_VALUE"""),"Sanitário Paciente PCD Masculino 3") -> Sanitário Paciente PCD Masculino 3 | D60: =IFERROR(__xludf.DUMMYFUNCTION("""COMPUTED_VALUE"""),"2ºPav.") -> 2ºPav. | E60: =IFERROR(__xludf.DUMMYFUNCTION("""COMPUTED_VALUE"""),"A") -> A | G60: =IFERROR(__xludf.DUMMYFUNCTION("""COMPUTED_VALUE"""),"https://myhub.autodesk360.com/ue29d95bb/g/projects/20210514412106331/data/dXJuOmFkc2sud2lwcHJvZDpmcy5mb2xkZXI6Y28ucU04eGNtQzdReXliS0NURmJQYUFTQQ/dXJuOmFkc2sud2lwcHJvZDpkbS5saW5lYWdlOlh4SzhZNFhHVEN5WDNPT29yLUd3WlE/viewer?version=1&commentId=urn:adsk.commen"&"ts:social.comment:af7c25d70b1c496bbb831280f69d4bce&showComments=1&guid=6882be48-6626-5238-d3df-94e9f0a0019d") -> https://myhub.autodesk360.com/ue29d95bb/g/projects/20210514412106331/data/dXJuOmFkc2sud2lwcHJvZDpmcy5mb2xkZXI6Y28ucU04eGNtQzdReXliS0NURmJQYUFTQQ/dXJuOmFkc2sud2lwcHJvZDpkbS5saW5lYWdlOlh4SzhZNFhHVEN5WDNPT29yLUd3WlE/viewer?version=1&commentId=urn:adsk.comments:social.comment:af7c25d70b1c496bbb831280f69d4bce&showComments=1&guid=6882be48-6626-5238-d3df-94e9f0a0019d | H60: =IFERROR(__xludf.DUMMYFUNCTION("""COMPUTED_VALUE"""),"Sanitário") -> Sanitário
A61: =IFERROR(__xludf.DUMMYFUNCTION("""COMPUTED_VALUE"""),"2ºPav.-Sanitário Paciente PCD Masculino 4") -> 2ºPav.-Sanitário Paciente PCD Masculino 4 | B61: =IFERROR(__xludf.DUMMYFUNCTION("""COMPUTED_VALUE"""),"2ºPav.") -> 2ºPav. | C61: =IFERROR(__xludf.DUMMYFUNCTION("""COMPUTED_VALUE"""),"Sanitário Paciente PCD Masculino 4") -> Sanitário Paciente PCD Masculino 4 | D61: =IFERROR(__xludf.DUMMYFUNCTION("""COMPUTED_VALUE"""),"2ºPav.") -> 2ºPav. | E61: =IFERROR(__xludf.DUMMYFUNCTION("""COMPUTED_VALUE"""),"A") -> A | G61: =IFERROR(__xludf.DUMMYFUNCTION("""COMPUTED_VALUE"""),"https://myhub.autodesk360.com/ue29d95bb/g/projects/20210514412106331/data/dXJuOmFkc2sud2lwcHJvZDpmcy5mb2xkZXI6Y28ucU04eGNtQzdReXliS0NURmJQYUFTQQ/dXJuOmFkc2sud2lwcHJvZDpkbS5saW5lYWdlOlh4SzhZNFhHVEN5WDNPT29yLUd3WlE/viewer?version=1&commentId=urn:adsk.commen"&"ts:social.comment:8d6dcacbb2494366a6b1417e46408eec&showComments=1&guid=6882be48-6626-5238-d3df-94e9f0a0019d") -> https://myhub.autodesk360.com/ue29d95bb/g/projects/20210514412106331/data/dXJuOmFkc2sud2lwcHJvZDpmcy5mb2xkZXI6Y28ucU04eGNtQzdReXliS0NURmJQYUFTQQ/dXJuOmFkc2sud2lwcHJvZDpkbS5saW5lYWdlOlh4SzhZNFhHVEN5WDNPT29yLUd3WlE/viewer?version=1&commentId=urn:adsk.comments:social.comment:8d6dcacbb2494366a6b1417e46408eec&showComments=1&guid=6882be48-6626-5238-d3df-94e9f0a0019d | H61: =IFERROR(__xludf.DUMMYFUNCTION("""COMPUTED_VALUE"""),"Sanitário") -> Sanitário
A62: =IFERROR(__xludf.DUMMYFUNCTION("""COMPUTED_VALUE"""),"2ºPav.-Sanitário Paciente PCD Privativo") -> 2ºPav.-Sanitário Paciente PCD Privativo | B62: =IFERROR(__xludf.DUMMYFUNCTION("""COMPUTED_VALUE"""),"2ºPav.") -> 2ºPav. | C62: =IFERROR(__xludf.DUMMYFUNCTION("""COMPUTED_VALUE"""),"Sanitário Paciente PCD Privativo") -> Sanitário Paciente PCD Privativo | D62: =IFERROR(__xludf.DUMMYFUNCTION("""COMPUTED_VALUE"""),"2ºPav.") -> 2ºPav. | E62: =IFERROR(__xludf.DUMMYFUNCTION("""COMPUTED_VALUE"""),"A") -> A | G62: =IFERROR(__xludf.DUMMYFUNCTION("""COMPUTED_VALUE"""),"https://myhub.autodesk360.com/ue29d95bb/g/projects/20210514412106331/data/dXJuOmFkc2sud2lwcHJvZDpmcy5mb2xkZXI6Y28ucU04eGNtQzdReXliS0NURmJQYUFTQQ/dXJuOmFkc2sud2lwcHJvZDpkbS5saW5lYWdlOlh4SzhZNFhHVEN5WDNPT29yLUd3WlE/viewer?version=1&commentId=urn:adsk.commen"&"ts:social.comment:b064a1f8eb97403b98ecfab5d577c151&showComments=1&guid=6882be48-6626-5238-d3df-94e9f0a0019d") -> https://myhub.autodesk360.com/ue29d95bb/g/projects/20210514412106331/data/dXJuOmFkc2sud2lwcHJvZDpmcy5mb2xkZXI6Y28ucU04eGNtQzdReXliS0NURmJQYUFTQQ/dXJuOmFkc2sud2lwcHJvZDpkbS5saW5lYWdlOlh4SzhZNFhHVEN5WDNPT29yLUd3WlE/viewer?version=1&commentId=urn:adsk.comments:social.comment:b064a1f8eb97403b98ecfab5d577c151&showComments=1&guid=6882be48-6626-5238-d3df-94e9f0a0019d | H62: =IFERROR(__xludf.DUMMYFUNCTION("""COMPUTED_VALUE"""),"Sanitário") -> Sanitário
A63: =IFERROR(__xludf.DUMMYFUNCTION("""COMPUTED_VALUE"""),"2ºPav.-Sanitário Público PCD Feminino") -> 2ºPav.-Sanitário Público PCD Feminino | B63: =IFERROR(__xludf.DUMMYFUNCTION("""COMPUTED_VALUE"""),"2ºPav.") -> 2ºPav. | C63: =IFERROR(__xludf.DUMMYFUNCTION("""COMPUTED_VALUE"""),"Sanitário Público PCD Feminino") -> Sanitário Público PCD Feminino | D63: =IFERROR(__xludf.DUMMYFUNCTION("""COMPUTED_VALUE"""),"2ºPav.") -> 2ºPav. | E63: =IFERROR(__xludf.DUMMYFUNCTION("""COMPUTED_VALUE"""),"B") -> B | G63: =IFERROR(__xludf.DUMMYFUNCTION("""COMPUTED_VALUE"""),"https://myhub.autodesk360.com/ue29d95bb/g/projects/20210514412106331/data/dXJuOmFkc2sud2lwcHJvZDpmcy5mb2xkZXI6Y28ucU04eGNtQzdReXliS0NURmJQYUFTQQ/dXJuOmFkc2sud2lwcHJvZDpkbS5saW5lYWdlOlh4SzhZNFhHVEN5WDNPT29yLUd3WlE/viewer?version=1&commentId=urn:adsk.commen"&"ts:social.comment:85583d13658e4f619bd12de2769fa4cf&showComments=1&guid=6882be48-6626-5238-d3df-94e9f0a0019d") -> https://myhub.autodesk360.com/ue29d95bb/g/projects/20210514412106331/data/dXJuOmFkc2sud2lwcHJvZDpmcy5mb2xkZXI6Y28ucU04eGNtQzdReXliS0NURmJQYUFTQQ/dXJuOmFkc2sud2lwcHJvZDpkbS5saW5lYWdlOlh4SzhZNFhHVEN5WDNPT29yLUd3WlE/viewer?version=1&commentId=urn:adsk.comments:social.comment:85583d13658e4f619bd12de2769fa4cf&showComments=1&guid=6882be48-6626-5238-d3df-94e9f0a0019d | H63: =IFERROR(__xludf.DUMMYFUNCTION("""COMPUTED_VALUE"""),"Sanitário") -> Sanitário
A64: =IFERROR(__xludf.DUMMYFUNCTION("""COMPUTED_VALUE"""),"2ºPav.-Sanitário Público PCD Masculino") -> 2ºPav.-Sanitário Público PCD Masculino | B64: =IFERROR(__xludf.DUMMYFUNCTION("""COMPUTED_VALUE"""),"2ºPav.") -> 2ºPav. | C64: =IFERROR(__xludf.DUMMYFUNCTION("""COMPUTED_VALUE"""),"Sanitário Público PCD Masculino") -> Sanitário Público PCD Masculino | D64: =IFERROR(__xludf.DUMMYFUNCTION("""COMPUTED_VALUE"""),"2ºPav.") -> 2ºPav. | E64: =IFERROR(__xludf.DUMMYFUNCTION("""COMPUTED_VALUE"""),"B") -> B | G64: =IFERROR(__xludf.DUMMYFUNCTION("""COMPUTED_VALUE"""),"https://myhub.autodesk360.com/ue29d95bb/g/projects/20210514412106331/data/dXJuOmFkc2sud2lwcHJvZDpmcy5mb2xkZXI6Y28ucU04eGNtQzdReXliS0NURmJQYUFTQQ/dXJuOmFkc2sud2lwcHJvZDpkbS5saW5lYWdlOlh4SzhZNFhHVEN5WDNPT29yLUd3WlE/viewer?version=1&commentId=urn:adsk.commen"&"ts:social.comment:4db6eb933b5c43a292bf2c90d902b53c&showComments=1&guid=6882be48-6626-5238-d3df-94e9f0a0019d") -> https://myhub.autodesk360.com/ue29d95bb/g/projects/20210514412106331/data/dXJuOmFkc2sud2lwcHJvZDpmcy5mb2xkZXI6Y28ucU04eGNtQzdReXliS0NURmJQYUFTQQ/dXJuOmFkc2sud2lwcHJvZDpkbS5saW5lYWdlOlh4SzhZNFhHVEN5WDNPT29yLUd3WlE/viewer?version=1&commentId=urn:adsk.comments:social.comment:4db6eb933b5c43a292bf2c90d902b53c&showComments=1&guid=6882be48-6626-5238-d3df-94e9f0a0019d | H64: =IFERROR(__xludf.DUMMYFUNCTION("""COMPUTED_VALUE"""),"Sanitário") -> Sanitário
A65: =IFERROR(__xludf.DUMMYFUNCTION("""COMPUTED_VALUE"""),"2ºPav.-Triagem") -> 2ºPav.-Triagem | B65: =IFERROR(__xludf.DUMMYFUNCTION("""COMPUTED_VALUE"""),"2ºPav.") -> 2ºPav. | C65: =IFERROR(__xludf.DUMMYFUNCTION("""COMPUTED_VALUE"""),"Triagem") -> Triagem | D65: =IFERROR(__xludf.DUMMYFUNCTION("""COMPUTED_VALUE"""),"2ºPav.") -> 2ºPav. | E65: =IFERROR(__xludf.DUMMYFUNCTION("""COMPUTED_VALUE"""),"A") -> A | G65: =IFERROR(__xludf.DUMMYFUNCTION("""COMPUTED_VALUE"""),"https://myhub.autodesk360.com/ue29d95bb/g/projects/20210514412106331/data/dXJuOmFkc2sud2lwcHJvZDpmcy5mb2xkZXI6Y28ucU04eGNtQzdReXliS0NURmJQYUFTQQ/dXJuOmFkc2sud2lwcHJvZDpkbS5saW5lYWdlOlh4SzhZNFhHVEN5WDNPT29yLUd3WlE/viewer?version=1&commentId=urn:adsk.commen"&"ts:social.comment:36437738f6fb416b9aef50b71575e907&showComments=1&guid=6882be48-6626-5238-d3df-94e9f0a0019d") -> https://myhub.autodesk360.com/ue29d95bb/g/projects/20210514412106331/data/dXJuOmFkc2sud2lwcHJvZDpmcy5mb2xkZXI6Y28ucU04eGNtQzdReXliS0NURmJQYUFTQQ/dXJuOmFkc2sud2lwcHJvZDpkbS5saW5lYWdlOlh4SzhZNFhHVEN5WDNPT29yLUd3WlE/viewer?version=1&commentId=urn:adsk.comments:social.comment:36437738f6fb416b9aef50b71575e907&showComments=1&guid=6882be48-6626-5238-d3df-94e9f0a0019d | H65: =IFERROR(__xludf.DUMMYFUNCTION("""COMPUTED_VALUE"""),"Consultório") -> Consultório
A66: =IFERROR(__xludf.DUMMYFUNCTION("""COMPUTED_VALUE"""),"3ºPav.") -> 3ºPav. | B66: =IFERROR(__xludf.DUMMYFUNCTION("""COMPUTED_VALUE"""),"3ºPav.") -> 3ºPav. | C66: =IFERROR(__xludf.DUMMYFUNCTION("""COMPUTED_VALUE"""),"3ºPav.") -> 3ºPav. | G66: =IFERROR(__xludf.DUMMYFUNCTION("""COMPUTED_VALUE"""),"https://myhub.autodesk360.com/ue29d95bb/g/projects/20210514412106331/data/dXJuOmFkc2sud2lwcHJvZDpmcy5mb2xkZXI6Y28ucU04eGNtQzdReXliS0NURmJQYUFTQQ/dXJuOmFkc2sud2lwcHJvZDpkbS5saW5lYWdlOnVra1VxSVhpUnF1LWxsVktOREhscFE/viewer?version=1&showComments=1&guid=6882b"&"e48-6626-5238-d3df-94e9f0a0019d") -> https://myhub.autodesk360.com/ue29d95bb/g/projects/20210514412106331/data/dXJuOmFkc2sud2lwcHJvZDpmcy5mb2xkZXI6Y28ucU04eGNtQzdReXliS0NURmJQYUFTQQ/dXJuOmFkc2sud2lwcHJvZDpkbS5saW5lYWdlOnVra1VxSVhpUnF1LWxsVktOREhscFE/viewer?version=1&showComments=1&guid=6882be48-6626-5238-d3df-94e9f0a0019d | H66: =IFERROR(__xludf.DUMMYFUNCTION("""COMPUTED_VALUE"""),"Geral") -> Geral | I66: =IFERROR(__xludf.DUMMYFUNCTION("""COMPUTED_VALUE"""),"https://photos.google.com/share/AF1QipML0pWaQlOe1-_s-Gu07eMJ5zObBNQFRrubYjOecjXfQVywkl0xcU2A247KA8FVDQ?key=QVZpdEx6Yno1c29CMlM4QUlaSHpDS2hLdlAzeFRn") -> https://photos.google.com/share/AF1QipML0pWaQlOe1-_s-Gu07eMJ5zObBNQFRrubYjOecjXfQVywkl0xcU2A247KA8FVDQ?key=QVZpdEx6Yno1c29CMlM4QUlaSHpDS2hLdlAzeFRn
A67: =IFERROR(__xludf.DUMMYFUNCTION("""COMPUTED_VALUE"""),"3ºPav.-Acesso e Salas de Espera") -> 3ºPav.-Acesso e Salas de Espera | B67: =IFERROR(__xludf.DUMMYFUNCTION("""COMPUTED_VALUE"""),"3ºPav.") -> 3ºPav. | C67: =IFERROR(__xludf.DUMMYFUNCTION("""COMPUTED_VALUE"""),"Acesso e Salas de Espera") -> Acesso e Salas de Espera | D67: =IFERROR(__xludf.DUMMYFUNCTION("""COMPUTED_VALUE"""),"3ºPav.") -> 3ºPav. | E67: =IFERROR(__xludf.DUMMYFUNCTION("""COMPUTED_VALUE"""),"A") -> A | G67: =IFERROR(__xludf.DUMMYFUNCTION("""COMPUTED_VALUE"""),"https://myhub.autodesk360.com/ue29d95bb/g/projects/20210514412106331/data/dXJuOmFkc2sud2lwcHJvZDpmcy5mb2xkZXI6Y28ucU04eGNtQzdReXliS0NURmJQYUFTQQ/dXJuOmFkc2sud2lwcHJvZDpkbS5saW5lYWdlOnVra1VxSVhpUnF1LWxsVktOREhscFE/viewer?version=1&commentId=urn:adsk.commen"&"ts:social.comment:7e498cc6958c4299ba4992c72f0f7d50&showComments=1&guid=6882be48-6626-5238-d3df-94e9f0a0019d") -> https://myhub.autodesk360.com/ue29d95bb/g/projects/20210514412106331/data/dXJuOmFkc2sud2lwcHJvZDpmcy5mb2xkZXI6Y28ucU04eGNtQzdReXliS0NURmJQYUFTQQ/dXJuOmFkc2sud2lwcHJvZDpkbS5saW5lYWdlOnVra1VxSVhpUnF1LWxsVktOREhscFE/viewer?version=1&commentId=urn:adsk.comments:social.comment:7e498cc6958c4299ba4992c72f0f7d50&showComments=1&guid=6882be48-6626-5238-d3df-94e9f0a0019d | H67: =IFERROR(__xludf.DUMMYFUNCTION("""COMPUTED_VALUE"""),"Recepção") -> Recepção
A68: =IFERROR(__xludf.DUMMYFUNCTION("""COMPUTED_VALUE"""),"3ºPav.-Antecâmara Setor A") -> 3ºPav.-Antecâmara Setor A | B68: =IFERROR(__xludf.DUMMYFUNCTION("""COMPUTED_VALUE"""),"3ºPav.") -> 3ºPav. | C68: =IFERROR(__xludf.DUMMYFUNCTION("""COMPUTED_VALUE"""),"Antecâmara Setor A") -> Antecâmara Setor A | D68: =IFERROR(__xludf.DUMMYFUNCTION("""COMPUTED_VALUE"""),"3ºPav.") -> 3ºPav. | E68: =IFERROR(__xludf.DUMMYFUNCTION("""COMPUTED_VALUE"""),"A") -> A | F68: =IFERROR(__xludf.DUMMYFUNCTION("""COMPUTED_VALUE"""),74.0) -> 74 | G68: =IFERROR(__xludf.DUMMYFUNCTION("""COMPUTED_VALUE"""),"https://myhub.autodesk360.com/ue29d95bb/g/projects/20210514412106331/data/dXJuOmFkc2sud2lwcHJvZDpmcy5mb2xkZXI6Y28ucU04eGNtQzdReXliS0NURmJQYUFTQQ/dXJuOmFkc2sud2lwcHJvZDpkbS5saW5lYWdlOnVra1VxSVhpUnF1LWxsVktOREhscFE/viewer?version=1&showComments=1&guid=6882b"&"e48-6626-5238-d3df-94e9f0a0019d&commentId=urn:adsk.comments:social.comment:7f6485a933314acab8daaa6c290164cd") -> https://myhub.autodesk360.com/ue29d95bb/g/projects/20210514412106331/data/dXJuOmFkc2sud2lwcHJvZDpmcy5mb2xkZXI6Y28ucU04eGNtQzdReXliS0NURmJQYUFTQQ/dXJuOmFkc2sud2lwcHJvZDpkbS5saW5lYWdlOnVra1VxSVhpUnF1LWxsVktOREhscFE/viewer?version=1&showComments=1&guid=6882be48-6626-5238-d3df-94e9f0a0019d&commentId=urn:adsk.comments:social.comment:7f6485a933314acab8daaa6c290164cd | H68: =IFERROR(__xludf.DUMMYFUNCTION("""COMPUTED_VALUE"""),"Circulação / Corredores") -> Circulação / Corredores
A69: =IFERROR(__xludf.DUMMYFUNCTION("""COMPUTED_VALUE"""),"3ºPav.-Antecâmara Setor B") -> 3ºPav.-Antecâmara Setor B | B69: =IFERROR(__xludf.DUMMYFUNCTION("""COMPUTED_VALUE"""),"3ºPav.") -> 3ºPav. | C69: =IFERROR(__xludf.DUMMYFUNCTION("""COMPUTED_VALUE"""),"Antecâmara Setor B") -> Antecâmara Setor B | D69: =IFERROR(__xludf.DUMMYFUNCTION("""COMPUTED_VALUE"""),"3ºPav.") -> 3ºPav. | E69: =IFERROR(__xludf.DUMMYFUNCTION("""COMPUTED_VALUE"""),"B") -> B | F69: =IFERROR(__xludf.DUMMYFUNCTION("""COMPUTED_VALUE"""),73.0) -> 73 | G69: =IFERROR(__xludf.DUMMYFUNCTION("""COMPUTED_VALUE"""),"https://myhub.autodesk360.com/ue29d95bb/g/projects/20210514412106331/data/dXJuOmFkc2sud2lwcHJvZDpmcy5mb2xkZXI6Y28ucU04eGNtQzdReXliS0NURmJQYUFTQQ/dXJuOmFkc2sud2lwcHJvZDpkbS5saW5lYWdlOnVra1VxSVhpUnF1LWxsVktOREhscFE/viewer?version=1&showComments=1&guid=6882b"&"e48-6626-5238-d3df-94e9f0a0019d") -> https://myhub.autodesk360.com/ue29d95bb/g/projects/20210514412106331/data/dXJuOmFkc2sud2lwcHJvZDpmcy5mb2xkZXI6Y28ucU04eGNtQzdReXliS0NURmJQYUFTQQ/dXJuOmFkc2sud2lwcHJvZDpkbS5saW5lYWdlOnVra1VxSVhpUnF1LWxsVktOREhscFE/viewer?version=1&showComments=1&guid=6882be48-6626-5238-d3df-94e9f0a0019d | H69: =IFERROR(__xludf.DUMMYFUNCTION("""COMPUTED_VALUE"""),"Circulação / Corredores") -> Circulação / Corredores
A70: =IFERROR(__xludf.DUMMYFUNCTION("""COMPUTED_VALUE"""),"3ºPav.-Área para Registro de Pacientes") -> 3ºPav.-Área para Registro de Pacientes | B70: =IFERROR(__xludf.DUMMYFUNCTION("""COMPUTED_VALUE"""),"3ºPav.") -> 3ºPav. | C70: =IFERROR(__xludf.DUMMYFUNCTION("""COMPUTED_VALUE"""),"Área para Registro de Pacientes") -> Área para Registro de Pacientes | D70: =IFERROR(__xludf.DUMMYFUNCTION("""COMPUTED_VALUE"""),"3ºPav.") -> 3ºPav. | E70: =IFERROR(__xludf.DUMMYFUNCTION("""COMPUTED_VALUE"""),"A") -> A | G70: =IFERROR(__xludf.DUMMYFUNCTION("""COMPUTED_VALUE"""),"https://myhub.autodesk360.com/ue29d95bb/g/projects/20210514412106331/data/dXJuOmFkc2sud2lwcHJvZDpmcy5mb2xkZXI6Y28ucU04eGNtQzdReXliS0NURmJQYUFTQQ/dXJuOmFkc2sud2lwcHJvZDpkbS5saW5lYWdlOnVra1VxSVhpUnF1LWxsVktOREhscFE/viewer?version=1&commentId=urn:adsk.commen"&"ts:social.comment:f4680b93c69a479aa3603caf1d07390e&showComments=1&guid=6882be48-6626-5238-d3df-94e9f0a0019d") -> https://myhub.autodesk360.com/ue29d95bb/g/projects/20210514412106331/data/dXJuOmFkc2sud2lwcHJvZDpmcy5mb2xkZXI6Y28ucU04eGNtQzdReXliS0NURmJQYUFTQQ/dXJuOmFkc2sud2lwcHJvZDpkbS5saW5lYWdlOnVra1VxSVhpUnF1LWxsVktOREhscFE/viewer?version=1&commentId=urn:adsk.comments:social.comment:f4680b93c69a479aa3603caf1d07390e&showComments=1&guid=6882be48-6626-5238-d3df-94e9f0a0019d | H70: =IFERROR(__xludf.DUMMYFUNCTION("""COMPUTED_VALUE"""),"Recepção") -> Recepção
A71: =IFERROR(__xludf.DUMMYFUNCTION("""COMPUTED_VALUE"""),"3ºPav.-Circulação Monta Carga") -> 3ºPav.-Circulação Monta Carga | B71: =IFERROR(__xludf.DUMMYFUNCTION("""COMPUTED_VALUE"""),"3ºPav.") -> 3ºPav. | C71: =IFERROR(__xludf.DUMMYFUNCTION("""COMPUTED_VALUE"""),"Circulação Monta Carga") -> Circulação Monta Carga | D71: =IFERROR(__xludf.DUMMYFUNCTION("""COMPUTED_VALUE"""),"3ºPav.") -> 3ºPav. | E71: =IFERROR(__xludf.DUMMYFUNCTION("""COMPUTED_VALUE"""),"B") -> B | G71: =IFERROR(__xludf.DUMMYFUNCTION("""COMPUTED_VALUE"""),"https://myhub.autodesk360.com/ue29d95bb/g/projects/20210514412106331/data/dXJuOmFkc2sud2lwcHJvZDpmcy5mb2xkZXI6Y28ucU04eGNtQzdReXliS0NURmJQYUFTQQ/dXJuOmFkc2sud2lwcHJvZDpkbS5saW5lYWdlOnVra1VxSVhpUnF1LWxsVktOREhscFE/viewer?version=1&commentId=urn:adsk.commen"&"ts:social.comment:f61143f70eeb40289b4537cd50b755aa&showComments=1&guid=6882be48-6626-5238-d3df-94e9f0a0019d") -> https://myhub.autodesk360.com/ue29d95bb/g/projects/20210514412106331/data/dXJuOmFkc2sud2lwcHJvZDpmcy5mb2xkZXI6Y28ucU04eGNtQzdReXliS0NURmJQYUFTQQ/dXJuOmFkc2sud2lwcHJvZDpkbS5saW5lYWdlOnVra1VxSVhpUnF1LWxsVktOREhscFE/viewer?version=1&commentId=urn:adsk.comments:social.comment:f61143f70eeb40289b4537cd50b755aa&showComments=1&guid=6882be48-6626-5238-d3df-94e9f0a0019d | H71: =IFERROR(__xludf.DUMMYFUNCTION("""COMPUTED_VALUE"""),"Outros") -> Outros
A72: =IFERROR(__xludf.DUMMYFUNCTION("""COMPUTED_VALUE"""),"3ºPav.-Consultório Diferenciado 1") -> 3ºPav.-Consultório Diferenciado 1 | B72: =IFERROR(__xludf.DUMMYFUNCTION("""COMPUTED_VALUE"""),"3ºPav.") -> 3ºPav. | C72: =IFERROR(__xludf.DUMMYFUNCTION("""COMPUTED_VALUE"""),"Consultório Diferenciado 1") -> Consultório Diferenciado 1 | D72: =IFERROR(__xludf.DUMMYFUNCTION("""COMPUTED_VALUE"""),"3ºPav.") -> 3ºPav. | E72: =IFERROR(__xludf.DUMMYFUNCTION("""COMPUTED_VALUE"""),"B") -> B | G72: =IFERROR(__xludf.DUMMYFUNCTION("""COMPUTED_VALUE"""),"https://myhub.autodesk360.com/ue29d95bb/g/projects/20210514412106331/data/dXJuOmFkc2sud2lwcHJvZDpmcy5mb2xkZXI6Y28ucU04eGNtQzdReXliS0NURmJQYUFTQQ/dXJuOmFkc2sud2lwcHJvZDpkbS5saW5lYWdlOnVra1VxSVhpUnF1LWxsVktOREhscFE/viewer?version=1&commentId=urn:adsk.commen"&"ts:social.comment:2c10a565467846a38e9f5f0bdd8496fb&showComments=1&guid=6882be48-6626-5238-d3df-94e9f0a0019d") -> https://myhub.autodesk360.com/ue29d95bb/g/projects/20210514412106331/data/dXJuOmFkc2sud2lwcHJvZDpmcy5mb2xkZXI6Y28ucU04eGNtQzdReXliS0NURmJQYUFTQQ/dXJuOmFkc2sud2lwcHJvZDpkbS5saW5lYWdlOnVra1VxSVhpUnF1LWxsVktOREhscFE/viewer?version=1&commentId=urn:adsk.comments:social.comment:2c10a565467846a38e9f5f0bdd8496fb&showComments=1&guid=6882be48-6626-5238-d3df-94e9f0a0019d | H72: =IFERROR(__xludf.DUMMYFUNCTION("""COMPUTED_VALUE"""),"Consultório") -> Consultório
A73: =IFERROR(__xludf.DUMMYFUNCTION("""COMPUTED_VALUE"""),"3ºPav.-Consultório Diferenciado 10") -> 3ºPav.-Consultório Diferenciado 10 | B73: =IFERROR(__xludf.DUMMYFUNCTION("""COMPUTED_VALUE"""),"3ºPav.") -> 3ºPav. | C73: =IFERROR(__xludf.DUMMYFUNCTION("""COMPUTED_VALUE"""),"Consultório Diferenciado 10") -> Consultório Diferenciado 10 | D73: =IFERROR(__xludf.DUMMYFUNCTION("""COMPUTED_VALUE"""),"3ºPav.") -> 3ºPav. | E73: =IFERROR(__xludf.DUMMYFUNCTION("""COMPUTED_VALUE"""),"B") -> B | G73: =IFERROR(__xludf.DUMMYFUNCTION("""COMPUTED_VALUE"""),"https://myhub.autodesk360.com/ue29d95bb/g/projects/20210514412106331/data/dXJuOmFkc2sud2lwcHJvZDpmcy5mb2xkZXI6Y28ucU04eGNtQzdReXliS0NURmJQYUFTQQ/dXJuOmFkc2sud2lwcHJvZDpkbS5saW5lYWdlOnVra1VxSVhpUnF1LWxsVktOREhscFE/viewer?version=1&commentId=urn:adsk.commen"&"ts:social.comment:b33b86c0f11e4803aa6aaa8eb5632280&showComments=1&guid=6882be48-6626-5238-d3df-94e9f0a0019d") -> https://myhub.autodesk360.com/ue29d95bb/g/projects/20210514412106331/data/dXJuOmFkc2sud2lwcHJvZDpmcy5mb2xkZXI6Y28ucU04eGNtQzdReXliS0NURmJQYUFTQQ/dXJuOmFkc2sud2lwcHJvZDpkbS5saW5lYWdlOnVra1VxSVhpUnF1LWxsVktOREhscFE/viewer?version=1&commentId=urn:adsk.comments:social.comment:b33b86c0f11e4803aa6aaa8eb5632280&showComments=1&guid=6882be48-6626-5238-d3df-94e9f0a0019d | H73: =IFERROR(__xludf.DUMMYFUNCTION("""COMPUTED_VALUE"""),"Consultório") -> Consultório
A74: =IFERROR(__xludf.DUMMYFUNCTION("""COMPUTED_VALUE"""),"3ºPav.-Consultório Diferenciado 11") -> 3ºPav.-Consultório Diferenciado 11 | B74: =IFERROR(__xludf.DUMMYFUNCTION("""COMPUTED_VALUE"""),"3ºPav.") -> 3ºPav. | C74: =IFERROR(__xludf.DUMMYFUNCTION("""COMPUTED_VALUE"""),"Consultório Diferenciado 11") -> Consultório Diferenciado 11 | D74: =IFERROR(__xludf.DUMMYFUNCTION("""COMPUTED_VALUE"""),"3ºPav.") -> 3ºPav. | E74: =IFERROR(__xludf.DUMMYFUNCTION("""COMPUTED_VALUE"""),"B") -> B | G74: =IFERROR(__xludf.DUMMYFUNCTION("""COMPUTED_VALUE"""),"https://myhub.autodesk360.com/ue29d95bb/g/projects/20210514412106331/data/dXJuOmFkc2sud2lwcHJvZDpmcy5mb2xkZXI6Y28ucU04eGNtQzdReXliS0NURmJQYUFTQQ/dXJuOmFkc2sud2lwcHJvZDpkbS5saW5lYWdlOnVra1VxSVhpUnF1LWxsVktOREhscFE/viewer?version=1&commentId=urn:adsk.commen"&"ts:social.comment:131c5338d6fa445e868756c5557fb223&showComments=1&guid=6882be48-6626-5238-d3df-94e9f0a0019d") -> https://myhub.autodesk360.com/ue29d95bb/g/projects/20210514412106331/data/dXJuOmFkc2sud2lwcHJvZDpmcy5mb2xkZXI6Y28ucU04eGNtQzdReXliS0NURmJQYUFTQQ/dXJuOmFkc2sud2lwcHJvZDpkbS5saW5lYWdlOnVra1VxSVhpUnF1LWxsVktOREhscFE/viewer?version=1&commentId=urn:adsk.comments:social.comment:131c5338d6fa445e868756c5557fb223&showComments=1&guid=6882be48-6626-5238-d3df-94e9f0a0019d | H74: =IFERROR(__xludf.DUMMYFUNCTION("""COMPUTED_VALUE"""),"Consultório") -> Consultório
A75: =IFERROR(__xludf.DUMMYFUNCTION("""COMPUTED_VALUE"""),"3ºPav.-Consultório Diferenciado 2") -> 3ºPav.-Consultório Diferenciado 2 | B75: =IFERROR(__xludf.DUMMYFUNCTION("""COMPUTED_VALUE"""),"3ºPav.") -> 3ºPav. | C75: =IFERROR(__xludf.DUMMYFUNCTION("""COMPUTED_VALUE"""),"Consultório Diferenciado 2") -> Consultório Diferenciado 2 | D75: =IFERROR(__xludf.DUMMYFUNCTION("""COMPUTED_VALUE"""),"3ºPav.") -> 3ºPav. | E75: =IFERROR(__xludf.DUMMYFUNCTION("""COMPUTED_VALUE"""),"B") -> B | G75: =IFERROR(__xludf.DUMMYFUNCTION("""COMPUTED_VALUE"""),"https://myhub.autodesk360.com/ue29d95bb/g/projects/20210514412106331/data/dXJuOmFkc2sud2lwcHJvZDpmcy5mb2xkZXI6Y28ucU04eGNtQzdReXliS0NURmJQYUFTQQ/dXJuOmFkc2sud2lwcHJvZDpkbS5saW5lYWdlOnVra1VxSVhpUnF1LWxsVktOREhscFE/viewer?version=1&commentId=urn:adsk.commen"&"ts:social.comment:603cc9abbd504598ae3374d752e0a1ce&showComments=1&guid=6882be48-6626-5238-d3df-94e9f0a0019d") -> https://myhub.autodesk360.com/ue29d95bb/g/projects/20210514412106331/data/dXJuOmFkc2sud2lwcHJvZDpmcy5mb2xkZXI6Y28ucU04eGNtQzdReXliS0NURmJQYUFTQQ/dXJuOmFkc2sud2lwcHJvZDpkbS5saW5lYWdlOnVra1VxSVhpUnF1LWxsVktOREhscFE/viewer?version=1&commentId=urn:adsk.comments:social.comment:603cc9abbd504598ae3374d752e0a1ce&showComments=1&guid=6882be48-6626-5238-d3df-94e9f0a0019d | H75: =IFERROR(__xludf.DUMMYFUNCTION("""COMPUTED_VALUE"""),"Consultório") -> Consultório
A76: =IFERROR(__xludf.DUMMYFUNCTION("""COMPUTED_VALUE"""),"3ºPav.-Consultório Diferenciado 3") -> 3ºPav.-Consultório Diferenciado 3 | B76: =IFERROR(__xludf.DUMMYFUNCTION("""COMPUTED_VALUE"""),"3ºPav.") -> 3ºPav. | C76: =IFERROR(__xludf.DUMMYFUNCTION("""COMPUTED_VALUE"""),"Consultório Diferenciado 3") -> Consultório Diferenciado 3 | D76: =IFERROR(__xludf.DUMMYFUNCTION("""COMPUTED_VALUE"""),"3ºPav.") -> 3ºPav. | E76: =IFERROR(__xludf.DUMMYFUNCTION("""COMPUTED_VALUE"""),"B") -> B | G76: =IFERROR(__xludf.DUMMYFUNCTION("""COMPUTED_VALUE"""),"https://myhub.autodesk360.com/ue29d95bb/g/projects/20210514412106331/data/dXJuOmFkc2sud2lwcHJvZDpmcy5mb2xkZXI6Y28ucU04eGNtQzdReXliS0NURmJQYUFTQQ/dXJuOmFkc2sud2lwcHJvZDpkbS5saW5lYWdlOnVra1VxSVhpUnF1LWxsVktOREhscFE/viewer?version=1&commentId=urn:adsk.commen"&"ts:social.comment:795390faf5bc40cb8ef9b380c2696963&showComments=1&guid=6882be48-6626-5238-d3df-94e9f0a0019d") -> https://myhub.autodesk360.com/ue29d95bb/g/projects/20210514412106331/data/dXJuOmFkc2sud2lwcHJvZDpmcy5mb2xkZXI6Y28ucU04eGNtQzdReXliS0NURmJQYUFTQQ/dXJuOmFkc2sud2lwcHJvZDpkbS5saW5lYWdlOnVra1VxSVhpUnF1LWxsVktOREhscFE/viewer?version=1&commentId=urn:adsk.comments:social.comment:795390faf5bc40cb8ef9b380c2696963&showComments=1&guid=6882be48-6626-5238-d3df-94e9f0a0019d | H76: =IFERROR(__xludf.DUMMYFUNCTION("""COMPUTED_VALUE"""),"Consultório") -> Consultório
A77: =IFERROR(__xludf.DUMMYFUNCTION("""COMPUTED_VALUE"""),"3ºPav.-Consultório Diferenciado 9") -> 3ºPav.-Consultório Diferenciado 9 | B77: =IFERROR(__xludf.DUMMYFUNCTION("""COMPUTED_VALUE"""),"3ºPav.") -> 3ºPav. | C77: =IFERROR(__xludf.DUMMYFUNCTION("""COMPUTED_VALUE"""),"Consultório Diferenciado 9") -> Consultório Diferenciado 9 | D77: =IFERROR(__xludf.DUMMYFUNCTION("""COMPUTED_VALUE"""),"3ºPav.") -> 3ºPav. | E77: =IFERROR(__xludf.DUMMYFUNCTION("""COMPUTED_VALUE"""),"B") -> B | G77: =IFERROR(__xludf.DUMMYFUNCTION("""COMPUTED_VALUE"""),"https://myhub.autodesk360.com/ue29d95bb/g/projects/20210514412106331/data/dXJuOmFkc2sud2lwcHJvZDpmcy5mb2xkZXI6Y28ucU04eGNtQzdReXliS0NURmJQYUFTQQ/dXJuOmFkc2sud2lwcHJvZDpkbS5saW5lYWdlOnVra1VxSVhpUnF1LWxsVktOREhscFE/viewer?version=1&commentId=urn:adsk.commen"&"ts:social.comment:d6693519e8634a5887453d8fd6493b84&showComments=1&guid=6882be48-6626-5238-d3df-94e9f0a0019d") -> https://myhub.autodesk360.com/ue29d95bb/g/projects/20210514412106331/data/dXJuOmFkc2sud2lwcHJvZDpmcy5mb2xkZXI6Y28ucU04eGNtQzdReXliS0NURmJQYUFTQQ/dXJuOmFkc2sud2lwcHJvZDpkbS5saW5lYWdlOnVra1VxSVhpUnF1LWxsVktOREhscFE/viewer?version=1&commentId=urn:adsk.comments:social.comment:d6693519e8634a5887453d8fd6493b84&showComments=1&guid=6882be48-6626-5238-d3df-94e9f0a0019d | H77: =IFERROR(__xludf.DUMMYFUNCTION("""COMPUTED_VALUE"""),"Consultório") -> Consultório
A78: =IFERROR(__xludf.DUMMYFUNCTION("""COMPUTED_VALUE"""),"3ºPav.-Consultório Fisioterapia") -> 3ºPav.-Consultório Fisioterapia | B78: =IFERROR(__xludf.DUMMYFUNCTION("""COMPUTED_VALUE"""),"3ºPav.") -> 3ºPav. | C78: =IFERROR(__xludf.DUMMYFUNCTION("""COMPUTED_VALUE"""),"Consultório Fisioterapia") -> Consultório Fisioterapia | D78: =IFERROR(__xludf.DUMMYFUNCTION("""COMPUTED_VALUE"""),"3ºPav.") -> 3ºPav. | E78: =IFERROR(__xludf.DUMMYFUNCTION("""COMPUTED_VALUE"""),"A") -> A | G78: =IFERROR(__xludf.DUMMYFUNCTION("""COMPUTED_VALUE"""),"https://myhub.autodesk360.com/ue29d95bb/g/projects/20210514412106331/data/dXJuOmFkc2sud2lwcHJvZDpmcy5mb2xkZXI6Y28ucU04eGNtQzdReXliS0NURmJQYUFTQQ/dXJuOmFkc2sud2lwcHJvZDpkbS5saW5lYWdlOnVra1VxSVhpUnF1LWxsVktOREhscFE/viewer?version=1&commentId=urn:adsk.commen"&"ts:social.comment:26ac35f65b8f4d7c883cffed1d160157&showComments=1&guid=6882be48-6626-5238-d3df-94e9f0a0019d") -> https://myhub.autodesk360.com/ue29d95bb/g/projects/20210514412106331/data/dXJuOmFkc2sud2lwcHJvZDpmcy5mb2xkZXI6Y28ucU04eGNtQzdReXliS0NURmJQYUFTQQ/dXJuOmFkc2sud2lwcHJvZDpkbS5saW5lYWdlOnVra1VxSVhpUnF1LWxsVktOREhscFE/viewer?version=1&commentId=urn:adsk.comments:social.comment:26ac35f65b8f4d7c883cffed1d160157&showComments=1&guid=6882be48-6626-5238-d3df-94e9f0a0019d | H78: =IFERROR(__xludf.DUMMYFUNCTION("""COMPUTED_VALUE"""),"Consultório") -> Consultório
A79: =IFERROR(__xludf.DUMMYFUNCTION("""COMPUTED_VALUE"""),"3ºPav.-Consultório Indiferenciado 12") -> 3ºPav.-Consultório Indiferenciado 12 | B79: =IFERROR(__xludf.DUMMYFUNCTION("""COMPUTED_VALUE"""),"3ºPav.") -> 3ºPav. | C79: =IFERROR(__xludf.DUMMYFUNCTION("""COMPUTED_VALUE"""),"Consultório Indiferenciado 12") -> Consultório Indiferenciado 12 | D79: =IFERROR(__xludf.DUMMYFUNCTION("""COMPUTED_VALUE"""),"3ºPav.") -> 3ºPav. | E79: =IFERROR(__xludf.DUMMYFUNCTION("""COMPUTED_VALUE"""),"B") -> B | G79: =IFERROR(__xludf.DUMMYFUNCTION("""COMPUTED_VALUE"""),"https://myhub.autodesk360.com/ue29d95bb/g/projects/20210514412106331/data/dXJuOmFkc2sud2lwcHJvZDpmcy5mb2xkZXI6Y28ucU04eGNtQzdReXliS0NURmJQYUFTQQ/dXJuOmFkc2sud2lwcHJvZDpkbS5saW5lYWdlOnVra1VxSVhpUnF1LWxsVktOREhscFE/viewer?version=1&commentId=urn:adsk.commen"&"ts:social.comment:5bceac155e664c69a4705a27e4421c5d&showComments=1&guid=6882be48-6626-5238-d3df-94e9f0a0019d") -> https://myhub.autodesk360.com/ue29d95bb/g/projects/20210514412106331/data/dXJuOmFkc2sud2lwcHJvZDpmcy5mb2xkZXI6Y28ucU04eGNtQzdReXliS0NURmJQYUFTQQ/dXJuOmFkc2sud2lwcHJvZDpkbS5saW5lYWdlOnVra1VxSVhpUnF1LWxsVktOREhscFE/viewer?version=1&commentId=urn:adsk.comments:social.comment:5bceac155e664c69a4705a27e4421c5d&showComments=1&guid=6882be48-6626-5238-d3df-94e9f0a0019d | H79: =IFERROR(__xludf.DUMMYFUNCTION("""COMPUTED_VALUE"""),"Consultório") -> Consultório
A80: =IFERROR(__xludf.DUMMYFUNCTION("""COMPUTED_VALUE"""),"3ºPav.-Consultório Indiferenciado 13") -> 3ºPav.-Consultório Indiferenciado 13 | B80: =IFERROR(__xludf.DUMMYFUNCTION("""COMPUTED_VALUE"""),"3ºPav.") -> 3ºPav. | C80: =IFERROR(__xludf.DUMMYFUNCTION("""COMPUTED_VALUE"""),"Consultório Indiferenciado 13") -> Consultório Indiferenciado 13 | D80: =IFERROR(__xludf.DUMMYFUNCTION("""COMPUTED_VALUE"""),"3ºPav.") -> 3ºPav. | E80: =IFERROR(__xludf.DUMMYFUNCTION("""COMPUTED_VALUE"""),"A") -> A | G80: =IFERROR(__xludf.DUMMYFUNCTION("""COMPUTED_VALUE"""),"https://myhub.autodesk360.com/ue29d95bb/g/projects/20210514412106331/data/dXJuOmFkc2sud2lwcHJvZDpmcy5mb2xkZXI6Y28ucU04eGNtQzdReXliS0NURmJQYUFTQQ/dXJuOmFkc2sud2lwcHJvZDpkbS5saW5lYWdlOnVra1VxSVhpUnF1LWxsVktOREhscFE/viewer?version=1&commentId=urn:adsk.commen"&"ts:social.comment:71827795bf334ea985a6ad52c268b208&showComments=1&guid=6882be48-6626-5238-d3df-94e9f0a0019d") -> https://myhub.autodesk360.com/ue29d95bb/g/projects/20210514412106331/data/dXJuOmFkc2sud2lwcHJvZDpmcy5mb2xkZXI6Y28ucU04eGNtQzdReXliS0NURmJQYUFTQQ/dXJuOmFkc2sud2lwcHJvZDpkbS5saW5lYWdlOnVra1VxSVhpUnF1LWxsVktOREhscFE/viewer?version=1&commentId=urn:adsk.comments:social.comment:71827795bf334ea985a6ad52c268b208&showComments=1&guid=6882be48-6626-5238-d3df-94e9f0a0019d | H80: =IFERROR(__xludf.DUMMYFUNCTION("""COMPUTED_VALUE"""),"Consultório") -> Consultório
A81: =IFERROR(__xludf.DUMMYFUNCTION("""COMPUTED_VALUE"""),"3ºPav.-Consultório Indiferenciado 14") -> 3ºPav.-Consultório Indiferenciado 14 | B81: =IFERROR(__xludf.DUMMYFUNCTION("""COMPUTED_VALUE"""),"3ºPav.") -> 3ºPav. | C81: =IFERROR(__xludf.DUMMYFUNCTION("""COMPUTED_VALUE"""),"Consultório Indiferenciado 14") -> Consultório Indiferenciado 14 | D81: =IFERROR(__xludf.DUMMYFUNCTION("""COMPUTED_VALUE"""),"3ºPav.") -> 3ºPav. | E81: =IFERROR(__xludf.DUMMYFUNCTION("""COMPUTED_VALUE"""),"A") -> A | G81: =IFERROR(__xludf.DUMMYFUNCTION("""COMPUTED_VALUE"""),"https://myhub.autodesk360.com/ue29d95bb/g/projects/20210514412106331/data/dXJuOmFkc2sud2lwcHJvZDpmcy5mb2xkZXI6Y28ucU04eGNtQzdReXliS0NURmJQYUFTQQ/dXJuOmFkc2sud2lwcHJvZDpkbS5saW5lYWdlOnVra1VxSVhpUnF1LWxsVktOREhscFE/viewer?version=1&commentId=urn:adsk.commen"&"ts:social.comment:c4f5413f07484eba9f871ddb7639af09&showComments=1&guid=6882be48-6626-5238-d3df-94e9f0a0019d") -> https://myhub.autodesk360.com/ue29d95bb/g/projects/20210514412106331/data/dXJuOmFkc2sud2lwcHJvZDpmcy5mb2xkZXI6Y28ucU04eGNtQzdReXliS0NURmJQYUFTQQ/dXJuOmFkc2sud2lwcHJvZDpkbS5saW5lYWdlOnVra1VxSVhpUnF1LWxsVktOREhscFE/viewer?version=1&commentId=urn:adsk.comments:social.comment:c4f5413f07484eba9f871ddb7639af09&showComments=1&guid=6882be48-6626-5238-d3df-94e9f0a0019d | H81: =IFERROR(__xludf.DUMMYFUNCTION("""COMPUTED_VALUE"""),"Consultório") -> Consultório
A82: =IFERROR(__xludf.DUMMYFUNCTION("""COMPUTED_VALUE"""),"3ºPav.-Consultório Indiferenciado 15") -> 3ºPav.-Consultório Indiferenciado 15 | B82: =IFERROR(__xludf.DUMMYFUNCTION("""COMPUTED_VALUE"""),"3ºPav.") -> 3ºPav. | C82: =IFERROR(__xludf.DUMMYFUNCTION("""COMPUTED_VALUE"""),"Consultório Indiferenciado 15") -> Consultório Indiferenciado 15 | D82: =IFERROR(__xludf.DUMMYFUNCTION("""COMPUTED_VALUE"""),"3ºPav.") -> 3ºPav. | E82: =IFERROR(__xludf.DUMMYFUNCTION("""COMPUTED_VALUE"""),"A") -> A | G82: =IFERROR(__xludf.DUMMYFUNCTION("""COMPUTED_VALUE"""),"https://myhub.autodesk360.com/ue29d95bb/g/projects/20210514412106331/data/dXJuOmFkc2sud2lwcHJvZDpmcy5mb2xkZXI6Y28ucU04eGNtQzdReXliS0NURmJQYUFTQQ/dXJuOmFkc2sud2lwcHJvZDpkbS5saW5lYWdlOnVra1VxSVhpUnF1LWxsVktOREhscFE/viewer?version=1&commentId=urn:adsk.commen"&"ts:social.comment:1af52018a5de4fbb82897399edb77179&showComments=1&guid=6882be48-6626-5238-d3df-94e9f0a0019d") -> https://myhub.autodesk360.com/ue29d95bb/g/projects/20210514412106331/data/dXJuOmFkc2sud2lwcHJvZDpmcy5mb2xkZXI6Y28ucU04eGNtQzdReXliS0NURmJQYUFTQQ/dXJuOmFkc2sud2lwcHJvZDpkbS5saW5lYWdlOnVra1VxSVhpUnF1LWxsVktOREhscFE/viewer?version=1&commentId=urn:adsk.comments:social.comment:1af52018a5de4fbb82897399edb77179&showComments=1&guid=6882be48-6626-5238-d3df-94e9f0a0019d | H82: =IFERROR(__xludf.DUMMYFUNCTION("""COMPUTED_VALUE"""),"Consultório") -> Consultório
A83: =IFERROR(__xludf.DUMMYFUNCTION("""COMPUTED_VALUE"""),"3ºPav.-Consultório Indiferenciado 16") -> 3ºPav.-Consultório Indiferenciado 16 | B83: =IFERROR(__xludf.DUMMYFUNCTION("""COMPUTED_VALUE"""),"3ºPav.") -> 3ºPav. | C83: =IFERROR(__xludf.DUMMYFUNCTION("""COMPUTED_VALUE"""),"Consultório Indiferenciado 16") -> Consultório Indiferenciado 16 | D83: =IFERROR(__xludf.DUMMYFUNCTION("""COMPUTED_VALUE"""),"3ºPav.") -> 3ºPav. | E83: =IFERROR(__xludf.DUMMYFUNCTION("""COMPUTED_VALUE"""),"A") -> A | G83: =IFERROR(__xludf.DUMMYFUNCTION("""COMPUTED_VALUE"""),"https://myhub.autodesk360.com/ue29d95bb/g/projects/20210514412106331/data/dXJuOmFkc2sud2lwcHJvZDpmcy5mb2xkZXI6Y28ucU04eGNtQzdReXliS0NURmJQYUFTQQ/dXJuOmFkc2sud2lwcHJvZDpkbS5saW5lYWdlOnVra1VxSVhpUnF1LWxsVktOREhscFE/viewer?version=1&commentId=urn:adsk.commen"&"ts:social.comment:141cc1adbf2942a385c5044a06f530bd&showComments=1&guid=6882be48-6626-5238-d3df-94e9f0a0019d") -> https://myhub.autodesk360.com/ue29d95bb/g/projects/20210514412106331/data/dXJuOmFkc2sud2lwcHJvZDpmcy5mb2xkZXI6Y28ucU04eGNtQzdReXliS0NURmJQYUFTQQ/dXJuOmFkc2sud2lwcHJvZDpkbS5saW5lYWdlOnVra1VxSVhpUnF1LWxsVktOREhscFE/viewer?version=1&commentId=urn:adsk.comments:social.comment:141cc1adbf2942a385c5044a06f530bd&showComments=1&guid=6882be48-6626-5238-d3df-94e9f0a0019d | H83: =IFERROR(__xludf.DUMMYFUNCTION("""COMPUTED_VALUE"""),"Consultório") -> Consultório
A84: =IFERROR(__xludf.DUMMYFUNCTION("""COMPUTED_VALUE"""),"3ºPav.-Consultório Indiferenciado 4") -> 3ºPav.-Consultório Indiferenciado 4 | B84: =IFERROR(__xludf.DUMMYFUNCTION("""COMPUTED_VALUE"""),"3ºPav.") -> 3ºPav. | C84: =IFERROR(__xludf.DUMMYFUNCTION("""COMPUTED_VALUE"""),"Consultório Indiferenciado 4") -> Consultório Indiferenciado 4 | D84: =IFERROR(__xludf.DUMMYFUNCTION("""COMPUTED_VALUE"""),"3ºPav.") -> 3ºPav. | E84: =IFERROR(__xludf.DUMMYFUNCTION("""COMPUTED_VALUE"""),"B") -> B | G84: =IFERROR(__xludf.DUMMYFUNCTION("""COMPUTED_VALUE"""),"https://myhub.autodesk360.com/ue29d95bb/g/projects/20210514412106331/data/dXJuOmFkc2sud2lwcHJvZDpmcy5mb2xkZXI6Y28ucU04eGNtQzdReXliS0NURmJQYUFTQQ/dXJuOmFkc2sud2lwcHJvZDpkbS5saW5lYWdlOnVra1VxSVhpUnF1LWxsVktOREhscFE/viewer?version=1&commentId=urn:adsk.commen"&"ts:social.comment:63f33d458fb94158a8d3541daa61d009&showComments=1&guid=6882be48-6626-5238-d3df-94e9f0a0019d") -> https://myhub.autodesk360.com/ue29d95bb/g/projects/20210514412106331/data/dXJuOmFkc2sud2lwcHJvZDpmcy5mb2xkZXI6Y28ucU04eGNtQzdReXliS0NURmJQYUFTQQ/dXJuOmFkc2sud2lwcHJvZDpkbS5saW5lYWdlOnVra1VxSVhpUnF1LWxsVktOREhscFE/viewer?version=1&commentId=urn:adsk.comments:social.comment:63f33d458fb94158a8d3541daa61d009&showComments=1&guid=6882be48-6626-5238-d3df-94e9f0a0019d | H84: =IFERROR(__xludf.DUMMYFUNCTION("""COMPUTED_VALUE"""),"Consultório") -> Consultório
A85: =IFERROR(__xludf.DUMMYFUNCTION("""COMPUTED_VALUE"""),"3ºPav.-Consultório Indiferenciado 5") -> 3ºPav.-Consultório Indiferenciado 5 | B85: =IFERROR(__xludf.DUMMYFUNCTION("""COMPUTED_VALUE"""),"3ºPav.") -> 3ºPav. | C85: =IFERROR(__xludf.DUMMYFUNCTION("""COMPUTED_VALUE"""),"Consultório Indiferenciado 5") -> Consultório Indiferenciado 5 | D85: =IFERROR(__xludf.DUMMYFUNCTION("""COMPUTED_VALUE"""),"3ºPav.") -> 3ºPav. | E85: =IFERROR(__xludf.DUMMYFUNCTION("""COMPUTED_VALUE"""),"A") -> A | G85: =IFERROR(__xludf.DUMMYFUNCTION("""COMPUTED_VALUE"""),"https://myhub.autodesk360.com/ue29d95bb/g/projects/20210514412106331/data/dXJuOmFkc2sud2lwcHJvZDpmcy5mb2xkZXI6Y28ucU04eGNtQzdReXliS0NURmJQYUFTQQ/dXJuOmFkc2sud2lwcHJvZDpkbS5saW5lYWdlOnVra1VxSVhpUnF1LWxsVktOREhscFE/viewer?version=1&commentId=urn:adsk.commen"&"ts:social.comment:f4469f4485394ab680150eb5d162df48&showComments=1&guid=6882be48-6626-5238-d3df-94e9f0a0019d") -> https://myhub.autodesk360.com/ue29d95bb/g/projects/20210514412106331/data/dXJuOmFkc2sud2lwcHJvZDpmcy5mb2xkZXI6Y28ucU04eGNtQzdReXliS0NURmJQYUFTQQ/dXJuOmFkc2sud2lwcHJvZDpkbS5saW5lYWdlOnVra1VxSVhpUnF1LWxsVktOREhscFE/viewer?version=1&commentId=urn:adsk.comments:social.comment:f4469f4485394ab680150eb5d162df48&showComments=1&guid=6882be48-6626-5238-d3df-94e9f0a0019d | H85: =IFERROR(__xludf.DUMMYFUNCTION("""COMPUTED_VALUE"""),"Consultório") -> Consultório
A86: =IFERROR(__xludf.DUMMYFUNCTION("""COMPUTED_VALUE"""),"3ºPav.-Consultório Indiferenciado 6") -> 3ºPav.-Consultório Indiferenciado 6 | B86: =IFERROR(__xludf.DUMMYFUNCTION("""COMPUTED_VALUE"""),"3ºPav.") -> 3ºPav. | C86: =IFERROR(__xludf.DUMMYFUNCTION("""COMPUTED_VALUE"""),"Consultório Indiferenciado 6") -> Consultório Indiferenciado 6 | D86: =IFERROR(__xludf.DUMMYFUNCTION("""COMPUTED_VALUE"""),"3ºPav.") -> 3ºPav. | E86: =IFERROR(__xludf.DUMMYFUNCTION("""COMPUTED_VALUE"""),"A") -> A | G86: =IFERROR(__xludf.DUMMYFUNCTION("""COMPUTED_VALUE"""),"https://myhub.autodesk360.com/ue29d95bb/g/projects/20210514412106331/data/dXJuOmFkc2sud2lwcHJvZDpmcy5mb2xkZXI6Y28ucU04eGNtQzdReXliS0NURmJQYUFTQQ/dXJuOmFkc2sud2lwcHJvZDpkbS5saW5lYWdlOnVra1VxSVhpUnF1LWxsVktOREhscFE/viewer?version=1&commentId=urn:adsk.commen"&"ts:social.comment:c9c9dd7c9f164efda0a4661e234f2e84&showComments=1&guid=6882be48-6626-5238-d3df-94e9f0a0019d") -> https://myhub.autodesk360.com/ue29d95bb/g/projects/20210514412106331/data/dXJuOmFkc2sud2lwcHJvZDpmcy5mb2xkZXI6Y28ucU04eGNtQzdReXliS0NURmJQYUFTQQ/dXJuOmFkc2sud2lwcHJvZDpkbS5saW5lYWdlOnVra1VxSVhpUnF1LWxsVktOREhscFE/viewer?version=1&commentId=urn:adsk.comments:social.comment:c9c9dd7c9f164efda0a4661e234f2e84&showComments=1&guid=6882be48-6626-5238-d3df-94e9f0a0019d | H86: =IFERROR(__xludf.DUMMYFUNCTION("""COMPUTED_VALUE"""),"Consultório") -> Consultório
A87: =IFERROR(__xludf.DUMMYFUNCTION("""COMPUTED_VALUE"""),"3ºPav.-Consultório Indiferenciado 7") -> 3ºPav.-Consultório Indiferenciado 7 | B87: =IFERROR(__xludf.DUMMYFUNCTION("""COMPUTED_VALUE"""),"3ºPav.") -> 3ºPav. | C87: =IFERROR(__xludf.DUMMYFUNCTION("""COMPUTED_VALUE"""),"Consultório Indiferenciado 7") -> Consultório Indiferenciado 7 | D87: =IFERROR(__xludf.DUMMYFUNCTION("""COMPUTED_VALUE"""),"3ºPav.") -> 3ºPav. | E87: =IFERROR(__xludf.DUMMYFUNCTION("""COMPUTED_VALUE"""),"A") -> A | G87: =IFERROR(__xludf.DUMMYFUNCTION("""COMPUTED_VALUE"""),"https://myhub.autodesk360.com/ue29d95bb/g/projects/20210514412106331/data/dXJuOmFkc2sud2lwcHJvZDpmcy5mb2xkZXI6Y28ucU04eGNtQzdReXliS0NURmJQYUFTQQ/dXJuOmFkc2sud2lwcHJvZDpkbS5saW5lYWdlOnVra1VxSVhpUnF1LWxsVktOREhscFE/viewer?version=1&commentId=urn:adsk.commen"&"ts:social.comment:aa60f964cade46adaf76b3657caed2c8&showComments=1&guid=6882be48-6626-5238-d3df-94e9f0a0019d") -> https://myhub.autodesk360.com/ue29d95bb/g/projects/20210514412106331/data/dXJuOmFkc2sud2lwcHJvZDpmcy5mb2xkZXI6Y28ucU04eGNtQzdReXliS0NURmJQYUFTQQ/dXJuOmFkc2sud2lwcHJvZDpkbS5saW5lYWdlOnVra1VxSVhpUnF1LWxsVktOREhscFE/viewer?version=1&commentId=urn:adsk.comments:social.comment:aa60f964cade46adaf76b3657caed2c8&showComments=1&guid=6882be48-6626-5238-d3df-94e9f0a0019d | H87: =IFERROR(__xludf.DUMMYFUNCTION("""COMPUTED_VALUE"""),"Consultório") -> Consultório
A88: =IFERROR(__xludf.DUMMYFUNCTION("""COMPUTED_VALUE"""),"3ºPav.-Consultório Indiferenciado 8") -> 3ºPav.-Consultório Indiferenciado 8 | B88: =IFERROR(__xludf.DUMMYFUNCTION("""COMPUTED_VALUE"""),"3ºPav.") -> 3ºPav. | C88: =IFERROR(__xludf.DUMMYFUNCTION("""COMPUTED_VALUE"""),"Consultório Indiferenciado 8") -> Consultório Indiferenciado 8 | D88: =IFERROR(__xludf.DUMMYFUNCTION("""COMPUTED_VALUE"""),"3ºPav.") -> 3ºPav. | E88: =IFERROR(__xludf.DUMMYFUNCTION("""COMPUTED_VALUE"""),"A") -> A | G88: =IFERROR(__xludf.DUMMYFUNCTION("""COMPUTED_VALUE"""),"https://myhub.autodesk360.com/ue29d95bb/g/projects/20210514412106331/data/dXJuOmFkc2sud2lwcHJvZDpmcy5mb2xkZXI6Y28ucU04eGNtQzdReXliS0NURmJQYUFTQQ/dXJuOmFkc2sud2lwcHJvZDpkbS5saW5lYWdlOnVra1VxSVhpUnF1LWxsVktOREhscFE/viewer?version=1&commentId=urn:adsk.commen"&"ts:social.comment:78ba8dd35681408aad95c90999d4302a&showComments=1&guid=6882be48-6626-5238-d3df-94e9f0a0019d") -> https://myhub.autodesk360.com/ue29d95bb/g/projects/20210514412106331/data/dXJuOmFkc2sud2lwcHJvZDpmcy5mb2xkZXI6Y28ucU04eGNtQzdReXliS0NURmJQYUFTQQ/dXJuOmFkc2sud2lwcHJvZDpkbS5saW5lYWdlOnVra1VxSVhpUnF1LWxsVktOREhscFE/viewer?version=1&commentId=urn:adsk.comments:social.comment:78ba8dd35681408aad95c90999d4302a&showComments=1&guid=6882be48-6626-5238-d3df-94e9f0a0019d | H88: =IFERROR(__xludf.DUMMYFUNCTION("""COMPUTED_VALUE"""),"Consultório") -> Consultório
A89: =IFERROR(__xludf.DUMMYFUNCTION("""COMPUTED_VALUE"""),"3ºPav.-Consultório Odontológico") -> 3ºPav.-Consultório Odontológico | B89: =IFERROR(__xludf.DUMMYFUNCTION("""COMPUTED_VALUE"""),"3ºPav.") -> 3ºPav. | C89: =IFERROR(__xludf.DUMMYFUNCTION("""COMPUTED_VALUE"""),"Consultório Odontológico") -> Consultório Odontológico | D89: =IFERROR(__xludf.DUMMYFUNCTION("""COMPUTED_VALUE"""),"3ºPav.") -> 3ºPav. | E89: =IFERROR(__xludf.DUMMYFUNCTION("""COMPUTED_VALUE"""),"A") -> A | G89: =IFERROR(__xludf.DUMMYFUNCTION("""COMPUTED_VALUE"""),"https://myhub.autodesk360.com/ue29d95bb/g/projects/20210514412106331/data/dXJuOmFkc2sud2lwcHJvZDpmcy5mb2xkZXI6Y28ucU04eGNtQzdReXliS0NURmJQYUFTQQ/dXJuOmFkc2sud2lwcHJvZDpkbS5saW5lYWdlOnVra1VxSVhpUnF1LWxsVktOREhscFE/viewer?version=1&commentId=urn:adsk.commen"&"ts:social.comment:4893ba2ef62842cab2405e17a759b047&showComments=1&guid=6882be48-6626-5238-d3df-94e9f0a0019d") -> https://myhub.autodesk360.com/ue29d95bb/g/projects/20210514412106331/data/dXJuOmFkc2sud2lwcHJvZDpmcy5mb2xkZXI6Y28ucU04eGNtQzdReXliS0NURmJQYUFTQQ/dXJuOmFkc2sud2lwcHJvZDpkbS5saW5lYWdlOnVra1VxSVhpUnF1LWxsVktOREhscFE/viewer?version=1&commentId=urn:adsk.comments:social.comment:4893ba2ef62842cab2405e17a759b047&showComments=1&guid=6882be48-6626-5238-d3df-94e9f0a0019d | H89: =IFERROR(__xludf.DUMMYFUNCTION("""COMPUTED_VALUE"""),"Consultório") -> Consultório
A90: =IFERROR(__xludf.DUMMYFUNCTION("""COMPUTED_VALUE"""),"3ºPav.-Consultório Psicologia") -> 3ºPav.-Consultório Psicologia | B90: =IFERROR(__xludf.DUMMYFUNCTION("""COMPUTED_VALUE"""),"3ºPav.") -> 3ºPav. | C90: =IFERROR(__xludf.DUMMYFUNCTION("""COMPUTED_VALUE"""),"Consultório Psicologia") -> Consultório Psicologia | D90: =IFERROR(__xludf.DUMMYFUNCTION("""COMPUTED_VALUE"""),"3ºPav.") -> 3ºPav. | E90: =IFERROR(__xludf.DUMMYFUNCTION("""COMPUTED_VALUE"""),"A") -> A | G90: =IFERROR(__xludf.DUMMYFUNCTION("""COMPUTED_VALUE"""),"https://myhub.autodesk360.com/ue29d95bb/g/projects/20210514412106331/data/dXJuOmFkc2sud2lwcHJvZDpmcy5mb2xkZXI6Y28ucU04eGNtQzdReXliS0NURmJQYUFTQQ/dXJuOmFkc2sud2lwcHJvZDpkbS5saW5lYWdlOnVra1VxSVhpUnF1LWxsVktOREhscFE/viewer?version=1&commentId=urn:adsk.commen"&"ts:social.comment:d35d72a04b6f41339afbeec830556db5&showComments=1&guid=6882be48-6626-5238-d3df-94e9f0a0019d") -> https://myhub.autodesk360.com/ue29d95bb/g/projects/20210514412106331/data/dXJuOmFkc2sud2lwcHJvZDpmcy5mb2xkZXI6Y28ucU04eGNtQzdReXliS0NURmJQYUFTQQ/dXJuOmFkc2sud2lwcHJvZDpkbS5saW5lYWdlOnVra1VxSVhpUnF1LWxsVktOREhscFE/viewer?version=1&commentId=urn:adsk.comments:social.comment:d35d72a04b6f41339afbeec830556db5&showComments=1&guid=6882be48-6626-5238-d3df-94e9f0a0019d | H90: =IFERROR(__xludf.DUMMYFUNCTION("""COMPUTED_VALUE"""),"Consultório") -> Consultório
A91: =IFERROR(__xludf.DUMMYFUNCTION("""COMPUTED_VALUE"""),"3ºPav.-Copa Funcionários") -> 3ºPav.-Copa Funcionários | B91: =IFERROR(__xludf.DUMMYFUNCTION("""COMPUTED_VALUE"""),"3ºPav.") -> 3ºPav. | C91: =IFERROR(__xludf.DUMMYFUNCTION("""COMPUTED_VALUE"""),"Copa Funcionários") -> Copa Funcionários | D91: =IFERROR(__xludf.DUMMYFUNCTION("""COMPUTED_VALUE"""),"3ºPav.") -> 3ºPav. | E91: =IFERROR(__xludf.DUMMYFUNCTION("""COMPUTED_VALUE"""),"B") -> B | G91: =IFERROR(__xludf.DUMMYFUNCTION("""COMPUTED_VALUE"""),"https://myhub.autodesk360.com/ue29d95bb/g/projects/20210514412106331/data/dXJuOmFkc2sud2lwcHJvZDpmcy5mb2xkZXI6Y28ucU04eGNtQzdReXliS0NURmJQYUFTQQ/dXJuOmFkc2sud2lwcHJvZDpkbS5saW5lYWdlOnVra1VxSVhpUnF1LWxsVktOREhscFE/viewer?version=1&commentId=urn:adsk.commen"&"ts:social.comment:71c034f6ba2d41aea687092d6ca80a0c&showComments=1&guid=6882be48-6626-5238-d3df-94e9f0a0019d") -> https://myhub.autodesk360.com/ue29d95bb/g/projects/20210514412106331/data/dXJuOmFkc2sud2lwcHJvZDpmcy5mb2xkZXI6Y28ucU04eGNtQzdReXliS0NURmJQYUFTQQ/dXJuOmFkc2sud2lwcHJvZDpkbS5saW5lYWdlOnVra1VxSVhpUnF1LWxsVktOREhscFE/viewer?version=1&commentId=urn:adsk.comments:social.comment:71c034f6ba2d41aea687092d6ca80a0c&showComments=1&guid=6882be48-6626-5238-d3df-94e9f0a0019d | H91: =IFERROR(__xludf.DUMMYFUNCTION("""COMPUTED_VALUE"""),"Copa") -> Copa
A92: =IFERROR(__xludf.DUMMYFUNCTION("""COMPUTED_VALUE"""),"3ºPav.-Corredor Central") -> 3ºPav.-Corredor Central | B92: =IFERROR(__xludf.DUMMYFUNCTION("""COMPUTED_VALUE"""),"3ºPav.") -> 3ºPav. | C92: =IFERROR(__xludf.DUMMYFUNCTION("""COMPUTED_VALUE"""),"Corredor Central") -> Corredor Central | D92: =IFERROR(__xludf.DUMMYFUNCTION("""COMPUTED_VALUE"""),"3ºPav.") -> 3ºPav. | E92: =IFERROR(__xludf.DUMMYFUNCTION("""COMPUTED_VALUE"""),"A") -> A | F92: =IFERROR(__xludf.DUMMYFUNCTION("""COMPUTED_VALUE"""),70.0) -> 70 | G92: =IFERROR(__xludf.DUMMYFUNCTION("""COMPUTED_VALUE"""),"https://myhub.autodesk360.com/ue29d95bb/g/projects/20210514412106331/data/dXJuOmFkc2sud2lwcHJvZDpmcy5mb2xkZXI6Y28ucU04eGNtQzdReXliS0NURmJQYUFTQQ/dXJuOmFkc2sud2lwcHJvZDpkbS5saW5lYWdlOnVra1VxSVhpUnF1LWxsVktOREhscFE/viewer?version=1&commentId=urn:adsk.commen"&"ts:social.comment:ff3880cb1f3947b5b69a95daf6318667&showComments=1&guid=6882be48-6626-5238-d3df-94e9f0a0019d") -> https://myhub.autodesk360.com/ue29d95bb/g/projects/20210514412106331/data/dXJuOmFkc2sud2lwcHJvZDpmcy5mb2xkZXI6Y28ucU04eGNtQzdReXliS0NURmJQYUFTQQ/dXJuOmFkc2sud2lwcHJvZDpkbS5saW5lYWdlOnVra1VxSVhpUnF1LWxsVktOREhscFE/viewer?version=1&commentId=urn:adsk.comments:social.comment:ff3880cb1f3947b5b69a95daf6318667&showComments=1&guid=6882be48-6626-5238-d3df-94e9f0a0019d | H92: =IFERROR(__xludf.DUMMYFUNCTION("""COMPUTED_VALUE"""),"Circulação / Corredores") -> Circulação / Corredores | I92: =IFERROR(__xludf.DUMMYFUNCTION("""COMPUTED_VALUE"""),"https://photos.google.com/search/3%C2%BAPav.-Corredor%20Central") -> https://photos.google.com/search/3%C2%BAPav.-Corredor%20Central
A93: =IFERROR(__xludf.DUMMYFUNCTION("""COMPUTED_VALUE"""),"3ºPav.-Corredor Frente") -> 3ºPav.-Corredor Frente | B93: =IFERROR(__xludf.DUMMYFUNCTION("""COMPUTED_VALUE"""),"3ºPav.") -> 3ºPav. | C93: =IFERROR(__xludf.DUMMYFUNCTION("""COMPUTED_VALUE"""),"Corredor Frente") -> Corredor Frente | D93: =IFERROR(__xludf.DUMMYFUNCTION("""COMPUTED_VALUE"""),"3ºPav.") -> 3ºPav. | E93: =IFERROR(__xludf.DUMMYFUNCTION("""COMPUTED_VALUE"""),"A") -> A | F93: =IFERROR(__xludf.DUMMYFUNCTION("""COMPUTED_VALUE"""),69.0) -> 69 | G93: =IFERROR(__xludf.DUMMYFUNCTION("""COMPUTED_VALUE"""),"https://myhub.autodesk360.com/ue29d95bb/g/projects/20210514412106331/data/dXJuOmFkc2sud2lwcHJvZDpmcy5mb2xkZXI6Y28ucU04eGNtQzdReXliS0NURmJQYUFTQQ/dXJuOmFkc2sud2lwcHJvZDpkbS5saW5lYWdlOnVra1VxSVhpUnF1LWxsVktOREhscFE/viewer?version=1&commentId=urn:adsk.commen"&"ts:social.comment:cbb9c2576428415a8d6c900992198405&showComments=1&guid=6882be48-6626-5238-d3df-94e9f0a0019d") -> https://myhub.autodesk360.com/ue29d95bb/g/projects/20210514412106331/data/dXJuOmFkc2sud2lwcHJvZDpmcy5mb2xkZXI6Y28ucU04eGNtQzdReXliS0NURmJQYUFTQQ/dXJuOmFkc2sud2lwcHJvZDpkbS5saW5lYWdlOnVra1VxSVhpUnF1LWxsVktOREhscFE/viewer?version=1&commentId=urn:adsk.comments:social.comment:cbb9c2576428415a8d6c900992198405&showComments=1&guid=6882be48-6626-5238-d3df-94e9f0a0019d | H93: =IFERROR(__xludf.DUMMYFUNCTION("""COMPUTED_VALUE"""),"Circulação / Corredores") -> Circulação / Corredores
A94: =IFERROR(__xludf.DUMMYFUNCTION("""COMPUTED_VALUE"""),"3ºPav.-Corredor Fundos") -> 3ºPav.-Corredor Fundos | B94: =IFERROR(__xludf.DUMMYFUNCTION("""COMPUTED_VALUE"""),"3ºPav.") -> 3ºPav. | C94: =IFERROR(__xludf.DUMMYFUNCTION("""COMPUTED_VALUE"""),"Corredor Fundos") -> Corredor Fundos | D94: =IFERROR(__xludf.DUMMYFUNCTION("""COMPUTED_VALUE"""),"3ºPav.") -> 3ºPav. | E94: =IFERROR(__xludf.DUMMYFUNCTION("""COMPUTED_VALUE"""),"A") -> A | F94: =IFERROR(__xludf.DUMMYFUNCTION("""COMPUTED_VALUE"""),71.0) -> 71 | G94: =IFERROR(__xludf.DUMMYFUNCTION("""COMPUTED_VALUE"""),"https://myhub.autodesk360.com/ue29d95bb/g/projects/20210514412106331/data/dXJuOmFkc2sud2lwcHJvZDpmcy5mb2xkZXI6Y28ucU04eGNtQzdReXliS0NURmJQYUFTQQ/dXJuOmFkc2sud2lwcHJvZDpkbS5saW5lYWdlOnVra1VxSVhpUnF1LWxsVktOREhscFE/viewer?version=1&commentId=urn:adsk.commen"&"ts:social.comment:d8d5a6430e5d46ada657e1f95f393664&showComments=1&guid=6882be48-6626-5238-d3df-94e9f0a0019d") -> https://myhub.autodesk360.com/ue29d95bb/g/projects/20210514412106331/data/dXJuOmFkc2sud2lwcHJvZDpmcy5mb2xkZXI6Y28ucU04eGNtQzdReXliS0NURmJQYUFTQQ/dXJuOmFkc2sud2lwcHJvZDpkbS5saW5lYWdlOnVra1VxSVhpUnF1LWxsVktOREhscFE/viewer?version=1&commentId=urn:adsk.comments:social.comment:d8d5a6430e5d46ada657e1f95f393664&showComments=1&guid=6882be48-6626-5238-d3df-94e9f0a0019d | H94: =IFERROR(__xludf.DUMMYFUNCTION("""COMPUTED_VALUE"""),"Circulação / Corredores") -> Circulação / Corredores
A95: =IFERROR(__xludf.DUMMYFUNCTION("""COMPUTED_VALUE"""),"3ºPav.-Depósito") -> 3ºPav.-Depósito | B95: =IFERROR(__xludf.DUMMYFUNCTION("""COMPUTED_VALUE"""),"3ºPav.") -> 3ºPav. | C95: =IFERROR(__xludf.DUMMYFUNCTION("""COMPUTED_VALUE"""),"Depósito") -> Depósito | D95: =IFERROR(__xludf.DUMMYFUNCTION("""COMPUTED_VALUE"""),"3ºPav.") -> 3ºPav. | E95: =IFERROR(__xludf.DUMMYFUNCTION("""COMPUTED_VALUE"""),"A") -> A | F95: =IFERROR(__xludf.DUMMYFUNCTION("""COMPUTED_VALUE"""),62.0) -> 62 | G95: =IFERROR(__xludf.DUMMYFUNCTION("""COMPUTED_VALUE"""),"https://myhub.autodesk360.com/ue29d95bb/g/projects/20210514412106331/data/dXJuOmFkc2sud2lwcHJvZDpmcy5mb2xkZXI6Y28ucU04eGNtQzdReXliS0NURmJQYUFTQQ/dXJuOmFkc2sud2lwcHJvZDpkbS5saW5lYWdlOnVra1VxSVhpUnF1LWxsVktOREhscFE/viewer?version=1&commentId=urn:adsk.commen"&"ts:social.comment:7d843fd1ac5d46579b54ff385380cfb8&showComments=1&guid=6882be48-6626-5238-d3df-94e9f0a0019d") -> https://myhub.autodesk360.com/ue29d95bb/g/projects/20210514412106331/data/dXJuOmFkc2sud2lwcHJvZDpmcy5mb2xkZXI6Y28ucU04eGNtQzdReXliS0NURmJQYUFTQQ/dXJuOmFkc2sud2lwcHJvZDpkbS5saW5lYWdlOnVra1VxSVhpUnF1LWxsVktOREhscFE/viewer?version=1&commentId=urn:adsk.comments:social.comment:7d843fd1ac5d46579b54ff385380cfb8&showComments=1&guid=6882be48-6626-5238-d3df-94e9f0a0019d | H95: =IFERROR(__xludf.DUMMYFUNCTION("""COMPUTED_VALUE"""),"Depósito") -> Depósito
A96: =IFERROR(__xludf.DUMMYFUNCTION("""COMPUTED_VALUE"""),"3ºPav.-Depósito Temporário de Resíduos") -> 3ºPav.-Depósito Temporário de Resíduos | B96: =IFERROR(__xludf.DUMMYFUNCTION("""COMPUTED_VALUE"""),"3ºPav.") -> 3ºPav. | C96: =IFERROR(__xludf.DUMMYFUNCTION("""COMPUTED_VALUE"""),"Depósito Temporário de Resíduos") -> Depósito Temporário de Resíduos | D96: =IFERROR(__xludf.DUMMYFUNCTION("""COMPUTED_VALUE"""),"3ºPav.") -> 3ºPav. | E96: =IFERROR(__xludf.DUMMYFUNCTION("""COMPUTED_VALUE"""),"A") -> A | F96: =IFERROR(__xludf.DUMMYFUNCTION("""COMPUTED_VALUE"""),33.0) -> 33 | G96: =IFERROR(__xludf.DUMMYFUNCTION("""COMPUTED_VALUE"""),"https://myhub.autodesk360.com/ue29d95bb/g/projects/20210514412106331/data/dXJuOmFkc2sud2lwcHJvZDpmcy5mb2xkZXI6Y28ucU04eGNtQzdReXliS0NURmJQYUFTQQ/dXJuOmFkc2sud2lwcHJvZDpkbS5saW5lYWdlOnVra1VxSVhpUnF1LWxsVktOREhscFE/viewer?version=1&commentId=urn:adsk.commen"&"ts:social.comment:ff510b0ebadb4c6ba4272cb191266583&showComments=1&guid=6882be48-6626-5238-d3df-94e9f0a0019d") -> https://myhub.autodesk360.com/ue29d95bb/g/projects/20210514412106331/data/dXJuOmFkc2sud2lwcHJvZDpmcy5mb2xkZXI6Y28ucU04eGNtQzdReXliS0NURmJQYUFTQQ/dXJuOmFkc2sud2lwcHJvZDpkbS5saW5lYWdlOnVra1VxSVhpUnF1LWxsVktOREhscFE/viewer?version=1&commentId=urn:adsk.comments:social.comment:ff510b0ebadb4c6ba4272cb191266583&showComments=1&guid=6882be48-6626-5238-d3df-94e9f0a0019d | H96: =IFERROR(__xludf.DUMMYFUNCTION("""COMPUTED_VALUE"""),"Depósito") -> Depósito
A97: =IFERROR(__xludf.DUMMYFUNCTION("""COMPUTED_VALUE"""),"3ºPav.-DML") -> 3ºPav.-DML | B97: =IFERROR(__xludf.DUMMYFUNCTION("""COMPUTED_VALUE"""),"3ºPav.") -> 3ºPav. | C97: =IFERROR(__xludf.DUMMYFUNCTION("""COMPUTED_VALUE"""),"DML") -> DML | D97: =IFERROR(__xludf.DUMMYFUNCTION("""COMPUTED_VALUE"""),"3ºPav.") -> 3ºPav. | E97: =IFERROR(__xludf.DUMMYFUNCTION("""COMPUTED_VALUE"""),"B") -> B | G97: =IFERROR(__xludf.DUMMYFUNCTION("""COMPUTED_VALUE"""),"https://myhub.autodesk360.com/ue29d95bb/g/projects/20210514412106331/data/dXJuOmFkc2sud2lwcHJvZDpmcy5mb2xkZXI6Y28ucU04eGNtQzdReXliS0NURmJQYUFTQQ/dXJuOmFkc2sud2lwcHJvZDpkbS5saW5lYWdlOnVra1VxSVhpUnF1LWxsVktOREhscFE/viewer?version=1&commentId=urn:adsk.commen"&"ts:social.comment:2e4a8f2c24584f669eb296d688eaf268&showComments=1&guid=6882be48-6626-5238-d3df-94e9f0a0019d") -> https://myhub.autodesk360.com/ue29d95bb/g/projects/20210514412106331/data/dXJuOmFkc2sud2lwcHJvZDpmcy5mb2xkZXI6Y28ucU04eGNtQzdReXliS0NURmJQYUFTQQ/dXJuOmFkc2sud2lwcHJvZDpkbS5saW5lYWdlOnVra1VxSVhpUnF1LWxsVktOREhscFE/viewer?version=1&commentId=urn:adsk.comments:social.comment:2e4a8f2c24584f669eb296d688eaf268&showComments=1&guid=6882be48-6626-5238-d3df-94e9f0a0019d | H97: =IFERROR(__xludf.DUMMYFUNCTION("""COMPUTED_VALUE"""),"Outros") -> Outros
A98: =IFERROR(__xludf.DUMMYFUNCTION("""COMPUTED_VALUE"""),"3ºPav.-Escada Prova de Fogo Setor B") -> 3ºPav.-Escada Prova de Fogo Setor B | B98: =IFERROR(__xludf.DUMMYFUNCTION("""COMPUTED_VALUE"""),"3ºPav.") -> 3ºPav. | C98: =IFERROR(__xludf.DUMMYFUNCTION("""COMPUTED_VALUE"""),"Escada Prova de Fogo Setor B") -> Escada Prova de Fogo Setor B | D98: =IFERROR(__xludf.DUMMYFUNCTION("""COMPUTED_VALUE"""),"3ºPav.") -> 3ºPav. | E98: =IFERROR(__xludf.DUMMYFUNCTION("""COMPUTED_VALUE"""),"B") -> B | F98: =IFERROR(__xludf.DUMMYFUNCTION("""COMPUTED_VALUE"""),76.0) -> 76 | G98: =IFERROR(__xludf.DUMMYFUNCTION("""COMPUTED_VALUE"""),"https://myhub.autodesk360.com/ue29d95bb/g/projects/20210514412106331/data/dXJuOmFkc2sud2lwcHJvZDpmcy5mb2xkZXI6Y28ucU04eGNtQzdReXliS0NURmJQYUFTQQ/dXJuOmFkc2sud2lwcHJvZDpkbS5saW5lYWdlOnVra1VxSVhpUnF1LWxsVktOREhscFE/viewer?version=1&showComments=1&guid=6882b"&"e48-6626-5238-d3df-94e9f0a0019d&commentId=urn:adsk.comments:social.comment:0a0a4d5e846440809815781a23e21685") -> https://myhub.autodesk360.com/ue29d95bb/g/projects/20210514412106331/data/dXJuOmFkc2sud2lwcHJvZDpmcy5mb2xkZXI6Y28ucU04eGNtQzdReXliS0NURmJQYUFTQQ/dXJuOmFkc2sud2lwcHJvZDpkbS5saW5lYWdlOnVra1VxSVhpUnF1LWxsVktOREhscFE/viewer?version=1&showComments=1&guid=6882be48-6626-5238-d3df-94e9f0a0019d&commentId=urn:adsk.comments:social.comment:0a0a4d5e846440809815781a23e21685 | H98: =IFERROR(__xludf.DUMMYFUNCTION("""COMPUTED_VALUE"""),"Escadas") -> Escadas
A99: =IFERROR(__xludf.DUMMYFUNCTION("""COMPUTED_VALUE"""),"3ºPav.-Hall Elevador Público") -> 3ºPav.-Hall Elevador Público | B99: =IFERROR(__xludf.DUMMYFUNCTION("""COMPUTED_VALUE"""),"3ºPav.") -> 3ºPav. | C99: =IFERROR(__xludf.DUMMYFUNCTION("""COMPUTED_VALUE"""),"Hall Elevador Público") -> Hall Elevador Público | D99: =IFERROR(__xludf.DUMMYFUNCTION("""COMPUTED_VALUE"""),"3ºPav.") -> 3ºPav. | E99: =IFERROR(__xludf.DUMMYFUNCTION("""COMPUTED_VALUE"""),"A") -> A | F99: =IFERROR(__xludf.DUMMYFUNCTION("""COMPUTED_VALUE"""),75.0) -> 75 | G99: =IFERROR(__xludf.DUMMYFUNCTION("""COMPUTED_VALUE"""),"https://myhub.autodesk360.com/ue29d95bb/g/projects/20210514412106331/data/dXJuOmFkc2sud2lwcHJvZDpmcy5mb2xkZXI6Y28ucU04eGNtQzdReXliS0NURmJQYUFTQQ/dXJuOmFkc2sud2lwcHJvZDpkbS5saW5lYWdlOnVra1VxSVhpUnF1LWxsVktOREhscFE/viewer?version=1&commentId=urn:adsk.commen"&"ts:social.comment:52ff385e50a44910b8a2fe2f26b3c4b5&showComments=1&guid=6882be48-6626-5238-d3df-94e9f0a0019d") -> https://myhub.autodesk360.com/ue29d95bb/g/projects/20210514412106331/data/dXJuOmFkc2sud2lwcHJvZDpmcy5mb2xkZXI6Y28ucU04eGNtQzdReXliS0NURmJQYUFTQQ/dXJuOmFkc2sud2lwcHJvZDpkbS5saW5lYWdlOnVra1VxSVhpUnF1LWxsVktOREhscFE/viewer?version=1&commentId=urn:adsk.comments:social.comment:52ff385e50a44910b8a2fe2f26b3c4b5&showComments=1&guid=6882be48-6626-5238-d3df-94e9f0a0019d | H99: =IFERROR(__xludf.DUMMYFUNCTION("""COMPUTED_VALUE"""),"Circulação / Corredores") -> Circulação / Corredores
A100: =IFERROR(__xludf.DUMMYFUNCTION("""COMPUTED_VALUE"""),"3ºPav.-Hall Elevador Serviço") -> 3ºPav.-Hall Elevador Serviço | B100: =IFERROR(__xludf.DUMMYFUNCTION("""COMPUTED_VALUE"""),"3ºPav.") -> 3ºPav. | C100: =IFERROR(__xludf.DUMMYFUNCTION("""COMPUTED_VALUE"""),"Hall Elevador Serviço") -> Hall Elevador Serviço | D100: =IFERROR(__xludf.DUMMYFUNCTION("""COMPUTED_VALUE"""),"3ºPav.") -> 3ºPav. | E100: =IFERROR(__xludf.DUMMYFUNCTION("""COMPUTED_VALUE"""),"B") -> B | F100: =IFERROR(__xludf.DUMMYFUNCTION("""COMPUTED_VALUE"""),72.0) -> 72 | G100: =IFERROR(__xludf.DUMMYFUNCTION("""COMPUTED_VALUE"""),"https://myhub.autodesk360.com/ue29d95bb/g/projects/20210514412106331/data/dXJuOmFkc2sud2lwcHJvZDpmcy5mb2xkZXI6Y28ucU04eGNtQzdReXliS0NURmJQYUFTQQ/dXJuOmFkc2sud2lwcHJvZDpkbS5saW5lYWdlOnVra1VxSVhpUnF1LWxsVktOREhscFE/viewer?version=1&showComments=1&guid=6882b"&"e48-6626-5238-d3df-94e9f0a0019d") -> https://myhub.autodesk360.com/ue29d95bb/g/projects/20210514412106331/data/dXJuOmFkc2sud2lwcHJvZDpmcy5mb2xkZXI6Y28ucU04eGNtQzdReXliS0NURmJQYUFTQQ/dXJuOmFkc2sud2lwcHJvZDpkbS5saW5lYWdlOnVra1VxSVhpUnF1LWxsVktOREhscFE/viewer?version=1&showComments=1&guid=6882be48-6626-5238-d3df-94e9f0a0019d | H100: =IFERROR(__xludf.DUMMYFUNCTION("""COMPUTED_VALUE"""),"Circulação / Corredores") -> Circulação / Corredores
...

Sheet WEB_3D
